feature,mean_abs_shap,mean_signed_shap,line,station,feature_family
start_time,0.19696799831907538,-0.003909270293832812,timing,timing_level,timing
line_0_start_time,0.1144820564477132,0.010972401340375764,L0,line_level,line_timing
line_3_end_time,0.09472544395775677,-0.0039770028635833414,L3,line_level,line_timing
line_3_start_time,0.08286576912916405,-0.02710344274411696,L3,line_level,line_timing
end_time,0.07627099903139474,0.012949280816973564,timing,timing_level,timing
L3_S32_F3850__is_missing,0.06555429002091039,-0.015548728148805419,L3,L3_S32,raw_measurement_missingness
mean_waiting_time,0.04783857484770251,-0.020766203691638813,timing,timing_level,timing
line_0_end_time,0.04612209113363654,-0.013111891733037454,L0,line_level,line_timing
max_waiting_time,0.04382822662250216,0.017783485523900387,timing,timing_level,timing
cycle_time,0.04321061972291579,-0.0020511106495366264,timing,timing_level,timing
line_3_observed_date_values,0.03965662040567594,0.003055301056975864,L3,line_level,line_timing
line_3_processing_duration,0.038698942642382814,0.0014423283769415692,L3,line_level,line_timing
waiting_time,0.03634315874696266,-0.011749977832158795,timing,timing_level,timing
line_3_station_count,0.02790840020407451,0.013907114409311317,L3,line_level,line_timing
line_0_processing_duration,0.026870847712835367,0.0005053241780507659,L0,line_level,line_timing
path_complexity_score,0.022786843076717248,0.019431471393663934,path,path_level,path_or_family
line_2_start_time,0.022172595173950434,0.0007322776949727811,L2,line_level,line_timing
L1_S24_F1844,0.020868080926770765,-0.0010405407511225287,L1,L1_S24,raw_measurement
delay_ratio,0.02075982186752844,0.0011912892602786607,timing,timing_level,timing
line_1_end_time,0.020270004985413287,-0.0017999417571425817,L1,line_level,line_timing
L2_S27_F3144,0.020076850288554784,-0.0014935365482130975,L2,L2_S27,raw_measurement
station_count,0.018685627912254095,-0.015317043852953292,path,path_level,path_or_family
line_1_start_time,0.017815220509408047,0.016745107233376504,L1,line_level,line_timing
L1_S24_F1846,0.017420639836852013,0.0007767782224382717,L1,L1_S24,raw_measurement
line_2_end_time,0.015876400066859635,0.0035404365209953763,L2,line_level,line_timing
L1_S24_F1723,0.013796733938956984,0.0033632710435483283,L1,L1_S24,raw_measurement
observed_date_values,0.012950280865641164,0.0034814706645354375,other,other,categorical_or_other
kmeans_family,0.01266612018564661,-0.0015913493731764521,path,path_level,path_or_family
L1_S24_F1778,0.012306244881160762,0.001526147784627693,L1,L1_S24,raw_measurement
L1_S24_F1667,0.011677657117930047,-0.0014478824859488356,L1,L1_S24,raw_measurement
wait_event_count,0.010694178707590802,-0.0006772581244834348,other,other,categorical_or_other
L1_S24_F1498,0.010411870206603573,0.003003825957324523,L1,L1_S24,raw_measurement
processing_duration,0.01017103012302903,0.004206176521586622,timing,timing_level,timing
L1_S24_F1713,0.00902368727362332,0.0006166215853108845,L1,L1_S24,raw_measurement
line_3_date_completeness_pct,0.008684347766701178,-0.00015167340767917442,L3,line_level,line_timing
L1_S24_F1842,0.008443756525367052,-0.0006890552550361957,L1,L1_S24,raw_measurement
L1_S24_F1758,0.008325255691303131,-0.0008062967897776808,L1,L1_S24,raw_measurement
L1_S24_F958,0.008039187728172418,0.00013416659647048364,L1,L1_S24,raw_measurement
path_density,0.008021009239153517,0.0002908920559319544,path,path_level,path_or_family
L1_S24_F1672,0.007512107266130241,-0.0014616695593647035,L1,L1_S24,raw_measurement
L1_S24_F1609,0.007409266191282727,-0.0006402325355749748,L1,L1_S24,raw_measurement
L1_S24_F1122,0.007310561039150914,-0.0011435113472235963,L1,L1_S24,raw_measurement
L3_S49_F4211,0.006772143353444298,0.0005815130190191873,L3,L3_S49,raw_measurement
L1_S24_F1490,0.006767802803274419,-0.00040254156626550705,L1,L1_S24,raw_measurement
L1_S24_F1002,0.006573938063480517,8.312852639902838e-05,L1,L1_S24,raw_measurement
L1_S24_F1176,0.006549645806693899,-0.0006038547641302644,L1,L1_S24,raw_measurement
line_1_processing_duration,0.0064843141203981105,-0.003219720923241591,L1,line_level,line_timing
hierarchical_family,0.006206404192755768,0.000793319921393203,path,path_level,path_or_family
L1_S25_F2990,0.00574886256351007,-0.00040002654608357695,L1,L1_S25,raw_measurement
L1_S24_F1632,0.005653502237856295,0.0005105233895656798,L1,L1_S24,raw_measurement
L1_S24_F1174,0.005491342177549627,0.000534685902958335,L1,L1_S24,raw_measurement
L1_S24_F1718,0.005157007864544989,-0.0016967813899938374,L1,L1_S24,raw_measurement
L1_S24_F963,0.0051299653380983,0.0006432556663702138,L1,L1_S24,raw_measurement
L1_S24_F1695,0.0050149831478891365,-0.001070451053172412,L1,L1_S24,raw_measurement
L1_S24_F1031,0.004989302825462793,-0.0001150990874604044,L1,L1_S24,raw_measurement
station_count_phase5,0.004763841898107043,-0.004587009931139961,path,path_level,path_or_family
L1_S24_F1212,0.004662599283695862,5.804705263986406e-05,L1,L1_S24,raw_measurement
L1_S24_F1581,0.004331234534112421,0.0002585644529622526,L1,L1_S24,raw_measurement
L1_S25_F2237,0.00413588399551171,-0.00037267978537843855,L1,L1_S25,raw_measurement
L1_S24_F1814,0.0041005355109153705,0.00036911650131591576,L1,L1_S24,raw_measurement
L1_S25_F2960,0.004032862026160294,-0.0005920447793415468,L1,L1_S25,raw_measurement
L1_S25_F2915,0.003962120295277183,-0.0009306119239296649,L1,L1_S25,raw_measurement
L1_S24_F679,0.003912046661995458,-0.0008381279165932914,L1,L1_S24,raw_measurement
L2_S28_F3248,0.0038312852437423685,0.00012626484756188868,L2,L2_S28,raw_measurement
date_completeness_pct,0.0038026097190978826,0.0005511180207598274,other,other,categorical_or_other
final_product_family,0.0036812177166375406,0.00038032535924394914,path,path_level,path_or_family
L1_S24_F691,0.003584396693783575,-0.00018837657185673807,L1,L1_S24,raw_measurement
L1_S24_F1102,0.0035083976996943974,-0.0007109148470681088,L1,L1_S24,raw_measurement
line_0_observed_date_values,0.003432632029803366,-0.0010540963140181453,L0,line_level,line_timing
L2_S27_F3144__is_missing,0.0032398176127726957,0.0017881603858939327,L2,L2_S27,raw_measurement_missingness
L1_S24_F1604,0.003115585163477202,-3.2222681813979845e-05,L1,L1_S24,raw_measurement
L1_S24_F1166,0.0030572809559775995,-0.0004217370465663318,L1,L1_S24,raw_measurement
L1_S24_F1700,0.003031319302096957,-0.0007074665416113081,L1,L1_S24,raw_measurement
L1_S24_F1474,0.003001631230331149,0.00014346251938724552,L1,L1_S24,raw_measurement
L1_S24_F1126,0.002725373306533044,-0.0001134296138025418,L1,L1_S24,raw_measurement
L1_S24_F814,0.0026771928480819216,-0.0003942881885013785,L1,L1_S24,raw_measurement
L1_S24_F1494,0.0025397049924527387,-0.00029411397835754025,L1,L1_S24,raw_measurement
L3_S32_F3850,0.002433225053189863,-0.00037259232040813637,L3,L3_S32,raw_measurement
L1_S24_F1004,0.002313781099064947,-0.00018804059810384788,L1,L1_S24,raw_measurement
line_1_observed_date_values,0.0022273023810197427,0.0009770744277416519,L1,line_level,line_timing
L1_S24_F829,0.0021044993670466796,0.0003089995097903942,L1,L1_S24,raw_measurement
station_span,0.0019040232944836802,-0.0002482074487099394,path,path_level,path_or_family
L1_S24_F1657,0.0018604583743172549,0.0005470907442394776,L1,L1_S24,raw_measurement
L2_S28_F3292,0.00185741185998894,-0.00019342158369367365,L2,L2_S28,raw_measurement
first_station,0.0017183180386787583,0.00039664153543397026,path,path_level,path_or_family
L1_S24_F902,0.0016374657085731802,-3.8213324001510776e-05,L1,L1_S24,raw_measurement
L1_S24_F1627,0.001494313730036068,0.0001435824293051708,L1,L1_S24,raw_measurement
L1_S25_F2466,0.0014905911099975526,7.616522283686127e-05,L1,L1_S25,raw_measurement
L1_S25_F2886,0.0014296754391818095,0.0002817955161707384,L1,L1_S25,raw_measurement
L1_S24_F988,0.001416044702035941,-0.0002528435299438881,L1,L1_S24,raw_measurement
L1_S25_F2464,0.0014076933015378687,-0.0003077394363791,L1,L1_S25,raw_measurement
L0_S10_F215__is_missing,0.001404531119633306,-7.84263225140182e-05,L0,L0_S10,raw_measurement_missingness
L1_S24_F1622,0.0012608912011172625,9.364745218447601e-05,L1,L1_S24,raw_measurement
L1_S24_F1326,0.001221477219835758,-5.0931874412066914e-05,L1,L1_S24,raw_measurement
L1_S24_F867,0.0011264662308878408,-9.275495436906087e-05,L1,L1_S24,raw_measurement
line_count,0.001122014999683423,-9.207777745252301e-05,line_level,line_level,line_timing
L1_S24_F998,0.0011093124349803377,2.842538454768352e-05,L1,L1_S24,raw_measurement
L1_S24_F1303,0.001026707745362933,-0.0001885395615270191,L1,L1_S24,raw_measurement
L1_S24_F1207__is_missing,0.0010151491983690487,9.665758202659544e-05,L1,L1_S24,raw_measurement_missingness
L1_S24_F1748,0.0009585665818592184,-0.00015157706074219054,L1,L1_S24,raw_measurement
line_0_date_completeness_pct,0.0009205733557129432,7.602250603852602e-05,L0,line_level,line_timing
L1_S24_F816,0.0009092161269087413,-0.00024343831917541877,L1,L1_S24,raw_measurement
L2_S28_F3303,0.0008945294043879142,-0.00011934705067067864,L2,L2_S28,raw_measurement
L3_S38_F3952__is_missing,0.0008588950886117624,0.0003734458732662098,L3,L3_S38,raw_measurement_missingness
L1_S24_F1478,0.0007942094370040438,0.0003807329195628074,L1,L1_S24,raw_measurement
last_station,0.0007573923223734109,-0.00040705644263021106,path,path_level,path_or_family
dbscan_family,0.0007314707247656918,-1.775878452199758e-05,path,path_level,path_or_family
L3_S38_F3952,0.0006837303195314216,0.00017449076136011245,L3,L3_S38,raw_measurement
L1_S24_F1036,0.0005510639621046621,5.889314662720322e-05,L1,L1_S24,raw_measurement
L2_S28_F3259,0.0005110314097726622,1.0745549032625676e-05,L2,L2_S28,raw_measurement
L3_S49_F4206__is_missing,0.00044191360605586695,5.5774584738676904e-05,L3,L3_S49,raw_measurement_missingness
L1_S24_F1846__is_missing,0.0004227974022147287,0.00016006801778148264,L1,L1_S24,raw_measurement_missingness
L1_S24_F1000,0.0003605421819274143,-0.00010219213898324435,L1,L1_S24,raw_measurement
L1_S24_F1207,0.00034771667044008586,7.038256322103033e-05,L1,L1_S24,raw_measurement
L1_S24_F1494__is_missing,0.000300191298193367,2.242496739446088e-05,L1,L1_S24,raw_measurement_missingness
L1_S24_F1814__is_missing,0.00029312557021667524,4.3237681655388046e-05,L1,L1_S24,raw_measurement_missingness
L1_S24_F1778__is_missing,0.0002646043458873845,0.00012501459542133594,L1,L1_S24,raw_measurement_missingness
line_2_present,0.0002553796519658456,-4.239990547495753e-05,L2,line_level,line_timing
L1_S25_F2960__is_missing,0.0002548615401912726,-9.790087682931325e-05,L1,L1_S25,raw_measurement_missingness
L2_S28_F3237,0.0002535103840138409,-0.00013748888981546064,L2,L2_S28,raw_measurement
L1_S24_F1036__is_missing,0.00025107004224928626,-0.0001821810332871032,L1,L1_S24,raw_measurement_missingness
L1_S24_F839,0.00021483325878609343,-0.00011298666125393017,L1,L1_S24,raw_measurement
L1_S25_F2237__is_missing,0.00020632183710075523,-8.045425347155464e-05,L1,L1_S25,raw_measurement_missingness
L1_S24_F1002__is_missing,0.00017314518285725764,0.00011224351023326238,L1,L1_S24,raw_measurement_missingness
line_0_station_count,0.00016889969058319712,2.5620849323622257e-05,L0,line_level,line_timing
line_1_date_completeness_pct,0.00015517364252505498,0.00013622784630269163,L1,line_level,line_timing
L1_S24_F1298,0.000103106391427421,-5.037775559337669e-05,L1,L1_S24,raw_measurement
line_2_processing_duration,9.955566655372437e-05,4.89810788799424e-06,L2,line_level,line_timing
line_switch_count,8.555011711230323e-05,2.632884937637971e-05,line_level,line_level,line_timing
L1_S25_F2464__is_missing,5.447141337252556e-05,5.598557799097979e-06,L1,L1_S25,raw_measurement_missingness
L3_S32_F3854__is_missing,5.18288167173036e-05,-1.2387327440567736e-05,L3,L3_S32,raw_measurement_missingness
L1_S24_F930,4.9189268100636255e-05,4.3099899366940366e-05,L1,L1_S24,raw_measurement
L1_S24_F1632__is_missing,3.8941914451059246e-05,6.705393624931377e-06,L1,L1_S24,raw_measurement_missingness
L2_S28_F3259__is_missing,2.699016303009509e-05,-1.1538792026366687e-05,L2,L2_S28,raw_measurement_missingness
L1_S24_F1844__is_missing,2.1362579630431922e-05,5.177449195220864e-06,L1,L1_S24,raw_measurement_missingness
line_1_station_count,1.791952026083711e-05,8.182831479070065e-06,L1,line_level,line_timing
L1_S25_F2857,9.156896587101874e-06,1.6357702713929434e-06,L1,L1_S25,raw_measurement
L1_S24_F795,5.6132870172374825e-06,2.626677233414256e-06,L1,L1_S24,raw_measurement
L3_S32_F3854__eq___MISSING__,4.844455023612931e-06,1.16629414380866e-06,L3,L3_S32,raw_measurement
L1_S24_F998__is_missing,0.0,0.0,L1,L1_S24,raw_measurement_missingness
L1_S24_F719__is_missing,0.0,0.0,L1,L1_S24,raw_measurement_missingness
L1_S24_F1212__is_missing,0.0,0.0,L1,L1_S24,raw_measurement_missingness
L2_S28_F3303__is_missing,0.0,0.0,L2,L2_S28,raw_measurement_missingness
L1_S24_F1718__is_missing,0.0,0.0,L1,L1_S24,raw_measurement_missingness
L1_S24_F1604__is_missing,0.0,0.0,L1,L1_S24,raw_measurement_missingness
L1_S24_F1758__is_missing,0.0,0.0,L1,L1_S24,raw_measurement_missingness
L1_S24_F1498__is_missing,0.0,0.0,L1,L1_S24,raw_measurement_missingness
L2_S28_F3292__is_missing,0.0,0.0,L2,L2_S28,raw_measurement_missingness
L1_S24_F1581__is_missing,0.0,0.0,L1,L1_S24,raw_measurement_missingness
L1_S24_F1667__is_missing,0.0,0.0,L1,L1_S24,raw_measurement_missingness
L1_S24_F1695__is_missing,0.0,0.0,L1,L1_S24,raw_measurement_missingness
L1_S24_F1298__is_missing,0.0,0.0,L1,L1_S24,raw_measurement_missingness
L1_S24_F902__is_missing,0.0,0.0,L1,L1_S24,raw_measurement_missingness
L0_S10_F258__eq_T48576,0.0,0.0,L0,L0_S10,raw_measurement
L0_S10_F223__is_missing,0.0,0.0,L0,L0_S10,raw_measurement_missingness
L1_S24_F691__is_missing,0.0,0.0,L1,L1_S24,raw_measurement_missingness
L1_S24_F1122__is_missing,0.0,0.0,L1,L1_S24,raw_measurement_missingness
L1_S24_F679__is_missing,0.0,0.0,L1,L1_S24,raw_measurement_missingness
L2_S28_F3237__is_missing,0.0,0.0,L2,L2_S28,raw_measurement_missingness
L1_S24_F1102__is_missing,0.0,0.0,L1,L1_S24,raw_measurement_missingness
L1_S24_F1490__is_missing,0.0,0.0,L1,L1_S24,raw_measurement_missingness
L1_S24_F1609__is_missing,0.0,0.0,L1,L1_S24,raw_measurement_missingness
L1_S25_F2915__is_missing,0.0,0.0,L1,L1_S25,raw_measurement_missingness
L1_S25_F2990__is_missing,0.0,0.0,L1,L1_S25,raw_measurement_missingness
L1_S24_F1627__is_missing,0.0,0.0,L1,L1_S24,raw_measurement_missingness
L1_S24_F1126__is_missing,0.0,0.0,L1,L1_S24,raw_measurement_missingness
L1_S25_F2466__is_missing,0.0,0.0,L1,L1_S25,raw_measurement_missingness
L1_S24_F816__is_missing,0.0,0.0,L1,L1_S24,raw_measurement_missingness
L1_S24_F1326__is_missing,0.0,0.0,L1,L1_S24,raw_measurement_missingness
L1_S24_F829__is_missing,0.0,0.0,L1,L1_S24,raw_measurement_missingness
L1_S24_F1000__is_missing,0.0,0.0,L1,L1_S24,raw_measurement_missingness
L1_S25_F2857__is_missing,0.0,0.0,L1,L1_S25,raw_measurement_missingness
L1_S24_F1748__is_missing,0.0,0.0,L1,L1_S24,raw_measurement_missingness
L1_S24_F1713__is_missing,0.0,0.0,L1,L1_S24,raw_measurement_missingness
L2_S28_F3248__is_missing,0.0,0.0,L2,L2_S28,raw_measurement_missingness
L1_S24_F785,0.0,0.0,L1,L1_S24,raw_measurement
L0_S10_F275__eq___MISSING__,0.0,0.0,L0,L0_S10,raw_measurement
L0_S10_F223__eq_T16777232,0.0,0.0,L0,L0_S10,raw_measurement
L0_S10_F223__eq___MISSING__,0.0,0.0,L0,L0_S10,raw_measurement
L1_S24_F1672__is_missing,0.0,0.0,L1,L1_S24,raw_measurement_missingness
L1_S24_F988__is_missing,0.0,0.0,L1,L1_S24,raw_measurement_missingness
L1_S24_F930__is_missing,0.0,0.0,L1,L1_S24,raw_measurement_missingness
L1_S24_F780,0.0,0.0,L1,L1_S24,raw_measurement
L0_S10_F258__eq_T16777248,0.0,0.0,L0,L0_S10,raw_measurement
L0_S10_F258__eq_T48,0.0,0.0,L0,L0_S10,raw_measurement
L0_S10_F258__eq_T16777232,0.0,0.0,L0,L0_S10,raw_measurement
L0_S10_F258__eq_T32,0.0,0.0,L0,L0_S10,raw_measurement
L0_S10_F275__eq_T1,0.0,0.0,L0,L0_S10,raw_measurement
L0_S10_F248__is_missing,0.0,0.0,L0,L0_S10,raw_measurement_missingness
L0_S10_F253__eq_T48576,0.0,0.0,L0,L0_S10,raw_measurement
L0_S10_F275__is_missing,0.0,0.0,L0,L0_S10,raw_measurement_missingness
L0_S10_F223__eq_T16777248,0.0,0.0,L0,L0_S10,raw_measurement
L0_S10_F223__eq_T32,0.0,0.0,L0,L0_S10,raw_measurement
L0_S10_F223__eq_T48576,0.0,0.0,L0,L0_S10,raw_measurement
L0_S10_F223__eq_T48,0.0,0.0,L0,L0_S10,raw_measurement
line_0_present,0.0,0.0,L0,line_level,line_timing
L1_S24_F785__is_missing,0.0,0.0,L1,L1_S24,raw_measurement_missingness
L1_S24_F780__is_missing,0.0,0.0,L1,L1_S24,raw_measurement_missingness
L1_S24_F766__is_missing,0.0,0.0,L1,L1_S24,raw_measurement_missingness
L1_S24_F1657__is_missing,0.0,0.0,L1,L1_S24,raw_measurement_missingness
L1_S24_F839__is_missing,0.0,0.0,L1,L1_S24,raw_measurement_missingness
L1_S24_F867__is_missing,0.0,0.0,L1,L1_S24,raw_measurement_missingness
L3_S49_F4206,0.0,0.0,L3,L3_S49,raw_measurement
L1_S24_F775__is_missing,0.0,0.0,L1,L1_S24,raw_measurement_missingness
L1_S24_F1723__is_missing,0.0,0.0,L1,L1_S24,raw_measurement_missingness
L1_S24_F814__is_missing,0.0,0.0,L1,L1_S24,raw_measurement_missingness
L1_S24_F1004__is_missing,0.0,0.0,L1,L1_S24,raw_measurement_missingness
L1_S24_F746__is_missing,0.0,0.0,L1,L1_S24,raw_measurement_missingness
L1_S24_F958__is_missing,0.0,0.0,L1,L1_S24,raw_measurement_missingness
L3_S49_F4211__is_missing,0.0,0.0,L3,L3_S49,raw_measurement_missingness
L1_S24_F1174__is_missing,0.0,0.0,L1,L1_S24,raw_measurement_missingness
L1_S24_F1166__is_missing,0.0,0.0,L1,L1_S24,raw_measurement_missingness
L1_S24_F1474__is_missing,0.0,0.0,L1,L1_S24,raw_measurement_missingness
L1_S24_F1176__is_missing,0.0,0.0,L1,L1_S24,raw_measurement_missingness
L1_S24_F1622__is_missing,0.0,0.0,L1,L1_S24,raw_measurement_missingness
L1_S24_F963__is_missing,0.0,0.0,L1,L1_S24,raw_measurement_missingness
L1_S24_F1700__is_missing,0.0,0.0,L1,L1_S24,raw_measurement_missingness
L1_S24_F1842__is_missing,0.0,0.0,L1,L1_S24,raw_measurement_missingness
L1_S24_F1478__is_missing,0.0,0.0,L1,L1_S24,raw_measurement_missingness
L1_S24_F795__is_missing,0.0,0.0,L1,L1_S24,raw_measurement_missingness
L1_S24_F1303__is_missing,0.0,0.0,L1,L1_S24,raw_measurement_missingness
L1_S25_F2886__is_missing,0.0,0.0,L1,L1_S25,raw_measurement_missingness
L1_S24_F1031__is_missing,0.0,0.0,L1,L1_S24,raw_measurement_missingness
line_2_date_completeness_pct,0.0,0.0,L2,line_level,line_timing
line_2_station_count,0.0,0.0,L2,line_level,line_timing
line_3_present,0.0,0.0,L3,line_level,line_timing
line_count_phase5,0.0,0.0,line_level,line_level,line_timing
L3_S32_F3854__eq_T-2147482432,0.0,0.0,L3,L3_S32,raw_measurement
L3_S32_F3854__eq_T128,0.0,0.0,L3,L3_S32,raw_measurement
L3_S32_F3854__eq_T512,0.0,0.0,L3,L3_S32,raw_measurement
L3_S32_F3854__eq_T8,0.0,0.0,L3,L3_S32,raw_measurement
L3_S32_F3854__eq_T-2147482816,0.0,0.0,L3,L3_S32,raw_measurement
L3_S32_F3854__eq_T256,0.0,0.0,L3,L3_S32,raw_measurement
L3_S32_F3854__eq_T-2147483648,0.0,0.0,L3,L3_S32,raw_measurement
L3_S32_F3851__is_missing,0.0,0.0,L3,L3_S32,raw_measurement_missingness
line_1_present,0.0,0.0,L1,line_level,line_timing
line_2_observed_date_values,0.0,0.0,L2,line_level,line_timing
L0_S10_F258__eq___MISSING__,0.0,0.0,L0,L0_S10,raw_measurement
L0_S10_F250__eq_T1,0.0,0.0,L0,L0_S10,raw_measurement
L3_S32_F3854__eq_T48,0.0,0.0,L3,L3_S32,raw_measurement
L3_S32_F3854__eq_T2,0.0,0.0,L3,L3_S32,raw_measurement
L3_S32_F3854__eq_T16,0.0,0.0,L3,L3_S32,raw_measurement
L0_S10_F258__is_missing,0.0,0.0,L0,L0_S10,raw_measurement_missingness
L3_S32_F3854__eq_T4,0.0,0.0,L3,L3_S32,raw_measurement
L0_S10_F218__is_missing,0.0,0.0,L0,L0_S10,raw_measurement_missingness
L0_S10_F235__eq___MISSING__,0.0,0.0,L0,L0_S10,raw_measurement
L0_S10_F235__eq_T1,0.0,0.0,L0,L0_S10,raw_measurement
L0_S10_F238__eq_T48576,0.0,0.0,L0,L0_S10,raw_measurement
L0_S10_F238__eq_T48,0.0,0.0,L0,L0_S10,raw_measurement
L0_S10_F238__eq_T16777248,0.0,0.0,L0,L0_S10,raw_measurement
L0_S10_F235__is_missing,0.0,0.0,L0,L0_S10,raw_measurement_missingness
L0_S10_F238__eq_T32,0.0,0.0,L0,L0_S10,raw_measurement
L0_S10_F238__eq_T16777232,0.0,0.0,L0,L0_S10,raw_measurement
L0_S10_F238__is_missing,0.0,0.0,L0,L0_S10,raw_measurement_missingness
L0_S10_F238__eq___MISSING__,0.0,0.0,L0,L0_S10,raw_measurement
L0_S10_F215__eq_T1,0.0,0.0,L0,L0_S10,raw_measurement
L0_S10_F215__eq___MISSING__,0.0,0.0,L0,L0_S10,raw_measurement
L3_S32_F3851__eq___MISSING__,0.0,0.0,L3,L3_S32,raw_measurement
L3_S32_F3851__eq_T1,0.0,0.0,L3,L3_S32,raw_measurement
L0_S10_F228__eq_T48576,0.0,0.0,L0,L0_S10,raw_measurement
L0_S10_F228__eq_T48,0.0,0.0,L0,L0_S10,raw_measurement
L0_S10_F228__eq_T16777248,0.0,0.0,L0,L0_S10,raw_measurement
L0_S10_F228__eq_T32,0.0,0.0,L0,L0_S10,raw_measurement
L0_S10_F228__eq_T16777232,0.0,0.0,L0,L0_S10,raw_measurement
L0_S10_F228__eq___MISSING__,0.0,0.0,L0,L0_S10,raw_measurement
L0_S10_F228__is_missing,0.0,0.0,L0,L0_S10,raw_measurement_missingness
L0_S10_F225__eq_T1,0.0,0.0,L0,L0_S10,raw_measurement
L0_S10_F225__eq___MISSING__,0.0,0.0,L0,L0_S10,raw_measurement
L0_S10_F225__is_missing,0.0,0.0,L0,L0_S10,raw_measurement_missingness
L0_S10_F218__eq_T48576,0.0,0.0,L0,L0_S10,raw_measurement
L0_S10_F218__eq_T48,0.0,0.0,L0,L0_S10,raw_measurement
L0_S10_F218__eq_T16777248,0.0,0.0,L0,L0_S10,raw_measurement
L0_S10_F218__eq_T32,0.0,0.0,L0,L0_S10,raw_measurement
L0_S10_F218__eq_T16777232,0.0,0.0,L0,L0_S10,raw_measurement
L0_S10_F218__eq___MISSING__,0.0,0.0,L0,L0_S10,raw_measurement
L0_S10_F273__eq_T16777232,0.0,0.0,L0,L0_S10,raw_measurement
L0_S10_F273__eq___MISSING__,0.0,0.0,L0,L0_S10,raw_measurement
L0_S10_F273__is_missing,0.0,0.0,L0,L0_S10,raw_measurement_missingness
L0_S10_F220__eq_T1,0.0,0.0,L0,L0_S10,raw_measurement
L0_S10_F220__eq___MISSING__,0.0,0.0,L0,L0_S10,raw_measurement
L0_S10_F220__is_missing,0.0,0.0,L0,L0_S10,raw_measurement_missingness
L0_S10_F233__eq_T48576,0.0,0.0,L0,L0_S10,raw_measurement
L0_S10_F233__eq_T48,0.0,0.0,L0,L0_S10,raw_measurement
L0_S10_F233__eq_T16777248,0.0,0.0,L0,L0_S10,raw_measurement
L0_S10_F233__eq_T32,0.0,0.0,L0,L0_S10,raw_measurement
L0_S10_F233__eq_T16777232,0.0,0.0,L0,L0_S10,raw_measurement
L0_S10_F233__eq___MISSING__,0.0,0.0,L0,L0_S10,raw_measurement
L0_S10_F233__is_missing,0.0,0.0,L0,L0_S10,raw_measurement_missingness
L0_S10_F230__eq_T1,0.0,0.0,L0,L0_S10,raw_measurement
L0_S10_F230__eq___MISSING__,0.0,0.0,L0,L0_S10,raw_measurement
L0_S10_F230__is_missing,0.0,0.0,L0,L0_S10,raw_measurement_missingness
L0_S10_F250__eq___MISSING__,0.0,0.0,L0,L0_S10,raw_measurement
L0_S10_F250__is_missing,0.0,0.0,L0,L0_S10,raw_measurement_missingness
L0_S10_F255__eq_T1,0.0,0.0,L0,L0_S10,raw_measurement
L0_S10_F255__eq___MISSING__,0.0,0.0,L0,L0_S10,raw_measurement
L0_S10_F255__is_missing,0.0,0.0,L0,L0_S10,raw_measurement_missingness
L0_S10_F243__eq_T48576,0.0,0.0,L0,L0_S10,raw_measurement
L0_S10_F243__eq_T48,0.0,0.0,L0,L0_S10,raw_measurement
L0_S10_F243__eq_T16777248,0.0,0.0,L0,L0_S10,raw_measurement
L0_S10_F243__eq_T32,0.0,0.0,L0,L0_S10,raw_measurement
L0_S10_F243__eq_T16777232,0.0,0.0,L0,L0_S10,raw_measurement
L0_S10_F243__eq___MISSING__,0.0,0.0,L0,L0_S10,raw_measurement
L0_S10_F243__is_missing,0.0,0.0,L0,L0_S10,raw_measurement_missingness
L0_S10_F273__eq_T48576,0.0,0.0,L0,L0_S10,raw_measurement
L0_S10_F273__eq_T48,0.0,0.0,L0,L0_S10,raw_measurement
L0_S10_F273__eq_T16777248,0.0,0.0,L0,L0_S10,raw_measurement
L0_S10_F273__eq_T32,0.0,0.0,L0,L0_S10,raw_measurement
L1_S24_F719,0.0,0.0,L1,L1_S24,raw_measurement
L0_S10_F253__eq_T48,0.0,0.0,L0,L0_S10,raw_measurement
L0_S10_F253__eq_T16777248,0.0,0.0,L0,L0_S10,raw_measurement
L0_S10_F253__eq_T32,0.0,0.0,L0,L0_S10,raw_measurement
L0_S10_F253__eq_T16777232,0.0,0.0,L0,L0_S10,raw_measurement
L0_S10_F253__eq___MISSING__,0.0,0.0,L0,L0_S10,raw_measurement
L0_S10_F253__is_missing,0.0,0.0,L0,L0_S10,raw_measurement_missingness
L0_S10_F248__eq_T48576,0.0,0.0,L0,L0_S10,raw_measurement
L0_S10_F248__eq_T48,0.0,0.0,L0,L0_S10,raw_measurement
L0_S10_F248__eq_T16777248,0.0,0.0,L0,L0_S10,raw_measurement
L0_S10_F248__eq_T32,0.0,0.0,L0,L0_S10,raw_measurement
L0_S10_F248__eq_T16777232,0.0,0.0,L0,L0_S10,raw_measurement
L0_S10_F248__eq___MISSING__,0.0,0.0,L0,L0_S10,raw_measurement
L1_S24_F775,0.0,0.0,L1,L1_S24,raw_measurement
L1_S24_F766,0.0,0.0,L1,L1_S24,raw_measurement
L1_S24_F746,0.0,0.0,L1,L1_S24,raw_measurement
