from_station,to_station,transition_count,wait_sum,positive_wait_count,failure_count,labeled_count,avg_waiting_time,positive_wait_rate,failure_rate_pct
L3_S29,L3_S30,1971196,14486.3017578125,999631.0,5661.0,985629.0,0.007348991047979247,0.5071190282447814,0.5743540419366719
L0_S0,L0_S1,1346767,1968.4680786132812,102044.0,3604.0,673063.0,0.0014616248234574215,0.07576960231428302,0.5354625049958176
L3_S34,L3_S33,1087398,0.0,0.0,2778.0,543685.0,0.0,0.0,0.5109576317168949
L3_S30,L3_S33,970910,19394.5703125,891308.0,2336.0,485546.0,0.019975662329670102,0.9180129981151703,0.4811078661959938
L3_S33,L3_S34,965844,4424.51953125,411708.0,2248.0,482921.0,0.004580987748797943,0.4262675960092934,0.4655005684159521
L0_S1,L0_S2,678332,4776.767578125,247056.0,1813.0,339345.0,0.007041931647224368,0.3642110353042463,0.5342645390384416
L0_S6,L0_S8,675449,1661.2687377929688,131518.0,1793.0,337392.0,0.0024595028459483523,0.19471196196900137,0.5314293166405842
L0_S1,L0_S3,669098,5813.83154296875,268630.0,1788.0,334054.0,0.00868905831876459,0.40148079952413546,0.5352428050554701
L0_S7,L0_S8,668000,1422.1901245117188,111835.0,1798.0,334001.0,0.002129027132502573,0.1674176646706587,0.538321741551672
L3_S33,L3_S37,654274,4294.995849609375,395513.0,1653.0,326729.0,0.0065645216676948415,0.6045066745736496,0.5059238696289585
L3_S34,L3_S37,524654,4224.556640625,345064.0,1262.0,262070.0,0.008052081258553256,0.6576982163482982,0.4815507307207998
L0_S12,L0_S13,482989,1486.4531860351562,118621.0,1314.0,241283.0,0.0030776129187935052,0.24559772582812445,0.5445887194704973
L3_S34,L3_S35,469545,2508.0797119140625,216128.0,1184.0,235013.0,0.005341510849682272,0.46029241073805494,0.5038019173407429
L3_S37,L3_S36,449643,0.0,0.0,1099.0,224603.0,0.0,0.0,0.4893078008753222
L0_S8,L0_S9,449338,893.99169921875,69470.0,1191.0,224636.0,0.00198957510653172,0.15460521923362813,0.5301910646557096
L0_S8,L0_S11,447672,964.4004516601562,85003.0,1188.0,223698.0,0.0021542568033295724,0.18987785700244822,0.5310731432556393
L0_S8,L0_S10,447086,975.0852966308594,81656.0,1213.0,223388.0,0.0021809792671451562,0.18264047632893896,0.543001414579118
L3_S33,L3_S36,430479,2480.1741943359375,212418.0,1193.0,215539.0,0.005761428999639791,0.4934456733081056,0.5534961190318225
L3_S35,L3_S37,422829,1210.1636962890625,80407.0,1339.0,211408.0,0.002862064088057022,0.19016434539731192,0.6333724362370393
L3_S35,L3_S34,420326,0.0,0.0,1028.0,210017.0,0.0,0.0,0.48948418461362647
L3_S36,L3_S37,395600,983.3971557617188,74382.0,1566.0,197860.0,0.002485837097476539,0.1880232558139535,0.7914687152532093
L0_S9,L3_S29,360606,1266231.625,360606.0,915.0,180185.0,3.511399214100708,1.0,0.5078114160446209
L0_S11,L3_S29,360325,1267072.4375,360325.0,898.0,179992.0,3.5164710677860267,1.0,0.49891106271389835
L0_S10,L3_S29,358768,1262661.875,358767.0,915.0,179231.0,3.5194383975159433,0.9999972126834055,0.5105143641445955
L0_S2,L0_S5,341102,9685.28173828125,341102.0,905.0,170452.0,0.028394092495151742,1.0,0.53094126205618
L0_S5,L0_S6,341061,1987.0828857421875,158261.0,894.0,170243.0,0.005826180318893651,0.4640254969052457,0.5251317234776173
L0_S5,L0_S7,337269,2090.304443359375,161923.0,915.0,168642.0,0.006197736653411298,0.4801004539403266,0.542569466680898
L0_S3,L0_S5,336893,8842.93310546875,336893.0,900.0,168247.0,0.02624849167382151,1.0,0.5349278144632594
L0_S2,L0_S4,336646,9328.92138671875,336646.0,905.0,168597.0,0.027711368579216,1.0,0.5367829795310711
L0_S4,L0_S6,336501,2150.6143798828125,163816.0,909.0,168220.0,0.0063911084361794246,0.4868217330706298,0.5403638092973487
L0_S4,L0_S7,332929,2141.4168701171875,166304.0,886.0,166469.0,0.006432052690264854,0.4995179152311754,0.5322312262343138
L0_S3,L0_S4,332659,8906.212890625,332649.0,891.0,166047.0,0.026772800046368804,0.9999699391869753,0.5365950604346962
L3_S30,L3_S35,329581,7035.737548828125,329581.0,791.0,164303.0,0.02134752169824148,1.0,0.4814276063127271
L3_S37,L3_S34,281561,0.0,0.0,686.0,141226.0,0.0,0.0,0.4857462506903828
L3_S30,L3_S34,264184,5574.8056640625,260489.0,890.0,132131.0,0.021101980680368608,0.9860135360203495,0.6735739531222802
L3_S30,L3_S29,263803,0.0,0.0,876.0,131979.0,0.0,0.0,0.6637419589480145
L3_S37,L3_S35,261798,0.0,0.0,793.0,131245.0,0.0,0.0,0.6042134938473847
L2_S26,L3_S29,257914,1643109.75,257914.0,999.0,128894.0,6.370766030537311,1.0,0.7750554719381818
L1_S24,L2_S26,243524,5201662.25,243507.0,1040.0,122007.0,21.359957334800676,0.9999301916854191,0.852410107616776
L3_S30,L3_S37,208614,4237.83740234375,208614.0,566.0,104755.0,0.020314252170725598,1.0,0.5403083385041286
L2_S26,L3_S30,185864,1343653.4375,185864.0,662.0,92901.0,7.229229100309904,1.0,0.7125865168297435
L2_S27,L3_S29,160922,987564.0625,160922.0,600.0,80935.0,6.136911438460869,1.0,0.741335639710879
L0_S13,L0_S14,145451,1605.333740234375,92353.0,420.0,72490.0,0.01103693848948701,0.6349423517198232,0.5793902607256174
L0_S20,L0_S21,142935,721.6624145507812,51182.0,397.0,71394.0,0.005048885259389102,0.35807884702836956,0.556069137462532
L0_S20,L0_S23,142283,695.6166687011719,55883.0,392.0,71016.0,0.004888965432983363,0.3927595004322372,0.5519882843302917
L0_S20,L0_S22,142134,643.7900695800781,53680.0,381.0,71123.0,0.0045294586065267855,0.37767177452263356,0.5356916890457377
L3_S29,L3_S34,140828,2677.6629638671875,140828.0,431.0,70419.0,0.01901371150529147,1.0,0.6120507249463923
L0_S13,L0_S15,139520,1354.2847290039062,84104.0,370.0,69639.0,0.009706742610406438,0.6028096330275229,0.5313114777638966
L0_S17,L0_S20,134896,1027.2830200195312,92839.0,371.0,67636.0,0.007615370507795125,0.6882264855888981,0.5485244544325507
L0_S16,L0_S20,131531,1039.9960327148438,93527.0,366.0,65451.0,0.007906851105175538,0.7110643118352328,0.5591969565018104
L3_S34,L3_S36,124283,908.0851745605469,54006.0,364.0,62185.0,0.007306592008243661,0.4345405244482351,0.585350164830747
L0_S18,L3_S29,114517,362427.203125,114517.0,316.0,57209.0,3.164833196163015,1.0,0.5523606425562411
L0_S19,L3_S29,110175,347321.921875,110175.0,288.0,54958.0,3.152456744951214,1.0,0.5240365369918847
L3_S40,L3_S41,110092,157.34770965576172,13391.0,266.0,54987.0,0.0014292383611503262,0.12163463285252335,0.4837507047120228
L3_S39,L3_S40,105139,384.2695007324219,32238.0,260.0,52576.0,0.003654871177511883,0.3066226614291557,0.49452221545952524
L3_S36,L3_S34,104797,0.0,0.0,256.0,52274.0,0.0,0.0,0.4897272066419252
L0_S15,L0_S12,102962,0.0,0.0,270.0,51682.0,0.0,0.0,0.5224256027243528
L0_S13,L0_S17,101108,2613.9521484375,101108.0,275.0,50757.0,0.025853069474596473,1.0,0.5417971905352956
L1_S25,L2_S26,99767,2700815.375,99767.0,267.0,49841.0,27.071229715236502,1.0,0.53570353724845
L3_S30,L3_S36,99234,2014.9772338867188,99234.0,254.0,49664.0,0.02030531102129027,1.0,0.5114368556701031
L0_S13,L0_S16,97600,2489.473388671875,97600.0,254.0,48752.0,0.02550689947409708,1.0,0.5210042664916311
L0_S14,L0_S12,96133,0.0,0.0,262.0,48043.0,0.0,0.0,0.5453447952875549
L1_S24,L2_S27,88940,2016475.5,88923.0,289.0,44621.0,22.672312795142794,0.9998088599055543,0.6476771027094865
L0_S19,L0_S20,80875,72.88077545166016,3484.0,231.0,40433.0,0.000901153328614036,0.043078825347758885,0.5713155096084882
L0_S18,L0_S20,80170,64.53828048706055,2952.0,202.0,40083.0,0.0008050178431715174,0.03682175377323188,0.5039542948382107
L0_S14,L0_S17,73498,1509.7222900390625,73498.0,201.0,36609.0,0.02054099825898749,1.0,0.5490453167253954
L2_S27,L3_S30,73141,559100.78125,73141.0,192.0,36670.0,7.644150083400555,1.0,0.5235887646577584
L0_S14,L0_S16,71650,1554.2494506835938,71647.0,217.0,35730.0,0.021692246345898027,0.9999581297976273,0.6073327735796249
L0_S15,L0_S17,70521,1562.961181640625,70521.0,181.0,35209.0,0.022163060388262008,1.0,0.5140731063080463
L3_S30,L3_S31,69018,413.48004150390625,37627.0,92.0,34364.0,0.0059909015257455485,0.5451766205917297,0.26772203468746364
L0_S15,L0_S16,68830,1521.9899291992188,68830.0,187.0,34328.0,0.022112304652029912,1.0,0.5447448147285016
L3_S29,L3_S33,63557,1271.9185180664062,63495.0,162.0,31711.0,0.020012249131746405,0.9990244976949825,0.510863738135032
L0_S17,L0_S19,57189,195.17656707763672,9482.0,145.0,28437.0,0.003412834060354906,0.16580111559915367,0.509899075148574
L3_S43,L3_S45,54909,165.60704040527344,14073.0,140.0,27448.0,0.0030160272524590403,0.2562967819483145,0.5100553774409793
L3_S41,L3_S43,54624,482.7775421142578,21168.0,137.0,27307.0,0.008838194605196577,0.3875219683655536,0.501702860072509
L0_S16,L0_S19,54463,175.54385375976562,9668.0,171.0,27341.0,0.003223176353850607,0.1775150101904045,0.6254343293954135
L0_S17,L0_S18,53761,193.57481384277344,9169.0,146.0,26891.0,0.0036006550072129133,0.1705511430218932,0.5429325796734966
L0_S16,L0_S18,52609,218.34503936767578,9524.0,124.0,26286.0,0.004150336242233758,0.18103366344161645,0.47173400289127293
L3_S48,L3_S50,49610,300.37791442871094,25045.0,138.0,24827.0,0.006054785616381998,0.5048377343277565,0.5558464574858017
L3_S47,L3_S48,48663,68.8307113647461,4887.0,142.0,24263.0,0.0014144362526919035,0.10042537451451822,0.5852532662902362
L3_S31,L3_S34,48356,877.8804016113281,43698.0,41.0,24067.0,0.018154528943902064,0.9036727603606585,0.17035775127768313
L0_S20,L3_S29,47678,153434.4921875,47678.0,127.0,23807.0,3.218140278272998,1.0,0.5334565463939177
L3_S48,L3_S49,47168,197.25547790527344,16719.0,127.0,23539.0,0.0041819767194978255,0.35445641112618725,0.539530141467352
L3_S47,L3_S51,46853,142.07405853271484,12101.0,117.0,23457.0,0.003032336425260172,0.2582758841482936,0.4987850108709554
L0_S21,L0_S18,46492,0.0,0.0,124.0,23136.0,0.0,0.0,0.5359612724757953
L0_S23,L3_S29,46350,156093.046875,46350.0,107.0,23205.0,3.367703276699029,1.0,0.46110751993104937
L1_S25,L2_S27,45887,1182619.375,45887.0,96.0,22988.0,25.772427375945256,1.0,0.41760918740212283
L0_S22,L0_S18,45040,0.0,0.0,130.0,22520.0,0.0,0.0,0.5772646536412078
L0_S21,L0_S19,44829,0.0,0.0,134.0,22403.0,0.0,0.0,0.5981341784582422
L0_S22,L3_S29,44255,146573.6875,44255.0,108.0,22117.0,3.312025477347192,1.0,0.4883121580684541
L0_S23,L0_S18,43831,0.0,0.0,126.0,21951.0,0.0,0.0,0.5740057400574006
L3_S45,L3_S47,43733,746.6470947265625,33591.0,114.0,21757.0,0.017072853331044347,0.768092744609334,0.5239692972376707
L0_S22,L0_S19,43034,0.0,0.0,105.0,21542.0,0.0,0.0,0.48741992386965
L3_S41,L3_S45,42380,345.4918518066406,20359.0,106.0,21186.0,0.008152238126631444,0.4803916941953752,0.5003304068724629
L0_S21,L3_S29,42308,141084.328125,42308.0,108.0,21268.0,3.3346962306183228,1.0,0.5078051532819259
L0_S23,L0_S19,42177,0.0,0.0,111.0,20991.0,0.0,0.0,0.5287980563098471
L3_S35,L3_S33,40218,0.0,0.0,111.0,20141.0,0.0,0.0,0.5511146417754829
L3_S45,L3_S44,40062,0.0,0.0,98.0,19998.0,0.0,0.0,0.49004900490049
L3_S33,L3_S35,35109,112.32706832885742,7684.0,90.0,17443.0,0.0031993810227821193,0.21886126064541855,0.5159662902023734
L3_S30,L3_S32,34022,3172.93994140625,34018.0,746.0,17069.0,0.09326141735953941,0.9998824290165187,4.370496221219755
L3_S29,L3_S37,33074,813.7639770507812,33074.0,94.0,16744.0,0.02460434108516603,1.0,0.5613951266125179
L3_S45,L3_S48,32007,577.9721069335938,31523.0,77.0,16101.0,0.01805767822456318,0.9848783078701534,0.47823116576610153
L0_S11,L2_S26,30915,74636.6015625,30830.0,101.0,15342.0,2.414252031780689,0.9972505256348051,0.6583235562508147
L0_S9,L2_S26,30811,74449.62109375,30724.0,92.0,15224.0,2.4163325141589045,0.9971763331277791,0.604308985811876
L0_S10,L2_S26,30809,73976.65234375,30714.0,125.0,15431.0,2.4011377306550035,0.9969164854425655,0.8100576761065388
L3_S50,L3_S51,30387,31.92830467224121,2157.0,93.0,15141.0,0.0010507225021305561,0.07098430249777865,0.6142262730334852
L3_S37,L3_S38,28851,415402.90625,28851.0,121.0,14442.0,14.39821518318256,1.0,0.8378340950006924
L0_S9,L2_S27,27604,63810.62109375,27526.0,116.0,14000.0,2.3116440042656863,0.9971743225619475,0.8285714285714285
L0_S11,L2_S27,27603,62282.9609375,27529.0,100.0,13980.0,2.2563837603702495,0.9973191319784082,0.7153075822603719
L0_S10,L2_S27,27455,63513.203125,27354.0,108.0,13677.0,2.313356515206702,0.9963212529593881,0.789646852379908
L3_S49,L3_S47,25933,0.0,0.0,67.0,12919.0,0.0,0.0,0.5186159919498413
L1_S24,L3_S29,25747,765392.71875,25747.0,152.0,12934.0,29.727452470190702,1.0,1.1751971547858358
L3_S29,L3_S36,25519,634.1632080078125,25519.0,55.0,12655.0,0.02485062925693846,1.0,0.434610825760569
L3_S32,L3_S33,25280,1934.0133056640625,21872.0,62.0,12759.0,0.07650369088861007,0.8651898734177215,0.4859314993338036
L3_S49,L3_S51,23095,38.38337326049805,2605.0,64.0,11538.0,0.0016619776254816214,0.11279497726780688,0.5546888542208356
L3_S36,L3_S33,22901,0.0,0.0,73.0,11405.0,0.0,0.0,0.6400701446733889
L3_S44,L3_S47,22869,649.2216796875,22055.0,54.0,11418.0,0.028388721836875245,0.9644059644059644,0.4729374671571204
L0_S11,L3_S39,22532,44897.775390625,22532.0,74.0,11275.0,1.9926227316982514,1.0,0.656319290465632
L0_S10,L3_S39,22411,44367.5234375,22411.0,45.0,11145.0,1.9797208262683503,1.0,0.4037685060565276
L0_S9,L3_S39,22391,44226.935546875,22391.0,45.0,11267.0,1.9752103767975973,1.0,0.39939646756013136
L3_S50,L3_S47,20820,0.0,0.0,52.0,10481.0,0.0,0.0,0.4961358648983875
L0_S21,L0_S20,19992,0.0,0.0,64.0,9974.0,0.0,0.0,0.6416683376779627
L3_S48,L3_S51,19535,241.20730590820312,1920.0,28.0,9692.0,0.012347443353376153,0.098285129255183,0.2888980602558811
L3_S44,L3_S48,19418,385.3854064941406,19402.0,56.0,9651.0,0.01984681257050884,0.9991760222473993,0.5802507512174904
L3_S31,L3_S33,18846,295.6591491699219,12235.0,24.0,9407.0,0.015688164553216696,0.6492093813010719,0.255129159136813
L0_S22,L0_S20,18723,0.0,0.0,47.0,9386.0,0.0,0.0,0.5007457916045174
L0_S23,L0_S20,18322,0.0,0.0,42.0,9114.0,0.0,0.0,0.4608294930875576
L2_S28,L3_S29,18267,103273.22265625,18267.0,62.0,9154.0,5.653540409276291,1.0,0.6772995411841818
L3_S41,L3_S44,16955,45.3311767578125,1335.0,41.0,8445.0,0.0026736170308352993,0.07873783544677086,0.4854943753700414
L3_S36,L3_S38,16106,251417.921875,16106.0,45.0,8099.0,15.610202525456351,1.0,0.555624151129769
L1_S25,L3_S29,15867,661495.25,15867.0,44.0,7984.0,41.69000126047772,1.0,0.5511022044088176
L3_S44,L3_S45,14355,159.9676971435547,13850.0,30.0,7174.0,0.011143691894361176,0.9648206199930338,0.41817674937273486
L3_S47,L3_S49,12008,99.49895477294922,9348.0,24.0,5929.0,0.008286055527394172,0.7784810126582279,0.40479001517962554
L0_S19,L0_S21,10950,121.82611465454102,10938.0,37.0,5456.0,0.01112567257119096,0.9989041095890411,0.6781524926686217
L3_S47,L3_S50,10631,89.05956268310547,8445.0,15.0,5311.0,0.008377345751397373,0.7943749412096698,0.28243268687629447
L3_S49,L3_S48,10271,0.0,0.0,18.0,5078.0,0.0,0.0,0.3544702638834187
L0_S19,L0_S22,10020,112.82975006103516,10004.0,25.0,5046.0,0.0112604540979077,0.9984031936127744,0.49544193420531113
L0_S19,L0_S23,9947,107.35918426513672,9933.0,23.0,4912.0,0.010793121972970415,0.9985925404644617,0.4682410423452769
L3_S50,L3_S48,9254,0.0,0.0,10.0,4617.0,0.0,0.0,0.21659085986571366
L0_S18,L0_S21,9072,105.25106430053711,9056.0,27.0,4532.0,0.011601748710376666,0.9982363315696648,0.5957634598411298
L0_S18,L0_S22,8776,98.87911987304688,8764.0,22.0,4375.0,0.011266991781340802,0.9986326344576116,0.5028571428571428
L3_S32,L3_S36,8585,179.1731414794922,8063.0,415.0,4301.0,0.020870488232905323,0.9391962725684333,9.648918856079982
L0_S18,L3_S39,8574,16232.90625,8574.0,11.0,4325.0,1.8932710811756472,1.0,0.2543352601156069
L0_S18,L0_S23,8512,91.3475570678711,8492.0,19.0,4275.0,0.010731620896131472,0.9976503759398496,0.4444444444444444
L0_S19,L3_S39,8194,15496.41015625,8194.0,24.0,4136.0,1.8911899141139858,1.0,0.5802707930367506
L3_S31,L3_S29,8024,0.0,0.0,12.0,4002.0,0.0,0.0,0.29985007496251875
L3_S32,L3_S35,7657,129.97460556030273,6747.0,304.0,3840.0,0.016974612192804328,0.8811544991511036,7.916666666666666
L3_S40,L3_S39,6629,0.0,0.0,24.0,3320.0,0.0,0.0,0.7228915662650602
L1_S24,L2_S28,6470,173696.234375,6470.0,33.0,3236.0,26.846404076506957,1.0,1.019777503090235
L3_S33,L3_S32,6432,0.0,0.0,20.0,3302.0,0.0,0.0,0.6056935190793459
L0_S18,L2_S27,5439,11069.10986328125,5423.0,29.0,2710.0,2.0351369485716586,0.9970582827725685,1.0701107011070112
L0_S19,L2_S27,5145,10131.39208984375,5140.0,18.0,2553.0,1.969172417851069,0.9990281827016521,0.7050528789659225
L2_S26,L3_S40,4862,32977.802734375,4862.0,11.0,2381.0,6.782764856926162,1.0,0.46199076018479635
L0_S18,L2_S26,4847,8074.515869140625,4838.0,19.0,2407.0,1.665879073476506,0.9981431813492883,0.7893643539675945
L0_S19,L2_S26,4612,7688.07568359375,4602.0,16.0,2303.0,1.6669721777089657,0.9978317432784042,0.6947459834997829
L3_S39,L3_S45,4331,51.24555015563965,4331.0,10.0,2084.0,0.011832267410676438,1.0,0.47984644913627633
L3_S39,L3_S43,4306,57.48641777038574,4302.0,14.0,2133.0,0.013350306031208951,0.9990710636321412,0.6563525550867323
L0_S23,L3_S39,4116,7356.290283203125,4116.0,17.0,1980.0,1.7872425372213618,1.0,0.8585858585858586
L0_S22,L3_S39,4037,7233.853515625,4037.0,11.0,2044.0,1.7918884111035422,1.0,0.538160469667319
L3_S32,L3_S34,3949,65.64082336425781,2771.0,137.0,1975.0,0.01662213810186321,0.7016966320587491,6.936708860759494
L0_S20,L3_S39,3913,6847.00146484375,3913.0,9.0,1962.0,1.749808705556798,1.0,0.45871559633027525
L1_S25,L2_S28,3787,191808.359375,3787.0,9.0,1912.0,50.649157479535255,1.0,0.47071129707112974
L0_S21,L3_S39,3701,6655.93212890625,3701.0,7.0,1814.0,1.7984145174023913,1.0,0.3858875413450937
L3_S35,L3_S38,3501,34871.708984375,3501.0,24.0,1747.0,9.960499567087975,1.0,1.3737836290784202
L3_S39,L3_S41,3439,3.4998414516448975,214.0,15.0,1727.0,0.0010176916114117177,0.06222739168362896,0.8685581933989578
L3_S48,L3_S47,3328,0.0,0.0,8.0,1661.0,0.0,0.0,0.481637567730283
L2_S27,L3_S40,3205,14194.90771484375,3205.0,17.0,1635.0,4.428988366565912,1.0,1.039755351681957
L2_S26,L3_S39,3147,23817.0361328125,3147.0,7.0,1518.0,7.568171634195266,1.0,0.461133069828722
L3_S29,L3_S32,3089,296.5777130126953,3089.0,127.0,1540.0,0.09601091389209948,1.0,8.246753246753247
L3_S41,L3_S39,3074,0.0,0.0,10.0,1500.0,0.0,0.0,0.6666666666666667
L0_S23,L2_S27,2698,14012.63623046875,2687.0,18.0,1337.0,5.193712464962473,0.9959229058561898,1.3462976813762155
L0_S22,L2_S27,2679,12049.65576171875,2665.0,16.0,1373.0,4.497818500081654,0.9947741694662188,1.1653313911143481
L0_S21,L2_S27,2517,10956.9873046875,2502.0,9.0,1270.0,4.3531932080601905,0.9940405244338498,0.7086614173228346
L0_S20,L2_S27,2479,9078.33935546875,2463.0,13.0,1241.0,3.6620973600115976,0.9935457845905608,1.04754230459307
L0_S9,L2_S28,2261,6980.279541015625,2251.0,10.0,1110.0,3.0872532246862563,0.9955771782397169,0.9009009009009009
L0_S23,L2_S26,2256,5817.58642578125,2229.0,11.0,1117.0,2.578717387314384,0.988031914893617,0.9847806624888094
L0_S11,L2_S28,2241,6474.62939453125,2225.0,6.0,1110.0,2.8891697432089467,0.9928603302097277,0.5405405405405406
L3_S43,L3_S41,2223,0.0,0.0,9.0,1114.0,0.0,0.0,0.807899461400359
L0_S10,L2_S28,2177,6618.010986328125,2163.0,4.0,1101.0,3.0399682987267456,0.9935691318327974,0.36330608537693004
L0_S20,L2_S26,2167,4917.561279296875,2161.0,3.0,1086.0,2.269294545130076,0.9972311952007383,0.2762430939226519
L0_S22,L2_S26,2121,5314.704833984375,2095.0,5.0,1039.0,2.5057542828780646,0.9877416313059877,0.4812319538017324
L0_S21,L2_S26,2044,4725.76416015625,2020.0,13.0,1001.0,2.3120176908787915,0.9882583170254403,1.2987012987012987
L3_S39,L3_S47,2032,62.16169357299805,2032.0,2.0,1003.0,0.030591384632380928,1.0,0.19940179461615154
L3_S41,L3_S40,2003,0.0,0.0,6.0,971.0,0.0,0.0,0.6179196704428425
L0_S8,L3_S30,1904,6674.967529296875,1904.0,9.0,995.0,3.505760256983653,1.0,0.9045226130653266
L0_S11,L3_S31,1881,5028.750244140625,1881.0,4.0,932.0,2.673445105869551,1.0,0.4291845493562232
L3_S44,L3_S39,1850,0.0,0.0,3.0,915.0,0.0,0.0,0.32786885245901637
L0_S10,L3_S31,1822,4855.27001953125,1822.0,3.0,919.0,2.664802425648326,1.0,0.3264417845484222
L3_S45,L3_S41,1818,0.0,0.0,9.0,885.0,0.0,0.0,1.0169491525423728
L0_S9,L3_S31,1794,4773.8798828125,1794.0,2.0,893.0,2.661025575703735,1.0,0.22396416573348266
L2_S27,L3_S39,1768,11251.55078125,1768.0,8.0,873.0,6.3639993106617645,1.0,0.9163802978235969
L3_S43,L3_S39,1658,0.0,0.0,4.0,851.0,0.0,0.0,0.4700352526439483
L3_S47,L3_S45,1646,0.0,0.0,6.0,853.0,0.0,0.0,0.7033997655334115
L3_S40,L3_S45,1633,6.740811109542847,649.0,10.0,791.0,0.00412786963229813,0.3974280465401102,1.2642225031605563
L3_S45,L3_S40,1626,0.0,0.0,3.0,786.0,0.0,0.0,0.38167938931297707
L3_S31,L3_S32,1605,114.98971557617188,1597.0,24.0,811.0,0.07164468260197625,0.9950155763239875,2.9593094944512948
L3_S32,L3_S37,1562,22.432037353515625,1021.0,76.0,805.0,0.014361099458076584,0.6536491677336748,9.440993788819876
L3_S34,L3_S32,1544,0.0,0.0,32.0,789.0,0.0,0.0,4.055766793409378
L3_S33,L3_S38,1523,14537.99072265625,1523.0,8.0,746.0,9.545627526366546,1.0,1.0723860589812333
L0_S8,L3_S29,1522,5415.458740234375,1522.0,2.0,767.0,3.558120065857014,1.0,0.2607561929595828
L0_S9,L1_S24,1520,45384.087890625,1509.0,2.0,767.0,29.85795255962171,0.9927631578947368,0.2607561929595828
L0_S9,L0_S8,1513,0.0,0.0,4.0,759.0,0.0,0.0,0.5270092226613966
L0_S10,L1_S24,1496,46100.2421875,1488.0,6.0,749.0,30.815669911430483,0.9946524064171123,0.801068090787717
L0_S11,L1_S24,1494,44759.30859375,1479.0,1.0,753.0,29.9593765687751,0.9899598393574297,0.13280212483399734
L3_S29,L3_S31,1420,13.430208206176758,1241.0,2.0,741.0,0.00945789310294138,0.8739436619718309,0.2699055330634278
L0_S10,L0_S8,1386,0.0,0.0,7.0,686.0,0.0,0.0,1.0204081632653061
L0_S11,L0_S8,1386,0.0,0.0,3.0,715.0,0.0,0.0,0.4195804195804196
L3_S43,L3_S40,1335,0.0,0.0,2.0,642.0,0.0,0.0,0.3115264797507788
L3_S31,L3_S30,1179,0.0,0.0,1.0,602.0,0.0,0.0,0.16611295681063123
L0_S11,L3_S30,1020,3511.2685546875,1020.0,0.0,510.0,3.442420151654412,1.0,0.0
L1_S25,L3_S41,1001,38582.888671875,1001.0,1.0,486.0,38.54434432754745,1.0,0.205761316872428
L3_S35,L3_S32,972,0.0,0.0,65.0,491.0,0.0,0.0,13.238289205702646
L3_S41,L3_S47,950,9.980239391326904,950.0,4.0,489.0,0.010505515148765162,1.0,0.81799591002045
L3_S44,L3_S40,948,0.0,0.0,0.0,480.0,0.0,0.0,0.0
L0_S10,L0_S11,931,119.52064514160156,887.0,0.0,473.0,0.12837878103286957,0.9527389903329753,0.0
L3_S40,L3_S43,891,1.1193358898162842,74.0,2.0,445.0,0.0012562692366063796,0.08305274971941638,0.44943820224719105
L1_S24,L3_S41,889,32913.3984375,889.0,0.0,439.0,37.02294537401575,1.0,0.0
L0_S0,L0_S2,829,7.610551834106445,343.0,4.0,425.0,0.009180400282396195,0.413751507840772,0.9411764705882352
L2_S26,L3_S43,768,8454.4697265625,768.0,3.0,400.0,11.008424123128256,1.0,0.75
L0_S0,L0_S3,765,4.279809236526489,360.0,0.0,372.0,0.005594521877812404,0.47058823529411764,0.0
L0_S7,L0_S11,741,1.6005134582519531,127.0,1.0,380.0,0.0021599371906234183,0.17139001349527666,0.2631578947368421
L0_S11,L3_S38,738,20229.8203125,738.0,3.0,363.0,27.4116806402439,1.0,0.8264462809917356
L0_S6,L0_S11,735,1.769824504852295,164.0,1.0,372.0,0.00240792449639768,0.22312925170068026,0.2688172043010753
L1_S25,L3_S39,727,27862.7802734375,727.0,4.0,357.0,38.325695011605916,1.0,1.1204481792717087
L0_S6,L0_S9,709,1.8099491596221924,139.0,3.0,360.0,0.0025528196891709343,0.19605077574047955,0.8333333333333334
L0_S7,L0_S10,708,1.4797648191452026,121.0,1.0,342.0,0.0020900633038774047,0.1709039548022599,0.29239766081871343
L0_S10,L3_S38,695,21142.1904296875,695.0,0.0,365.0,30.420417884442447,1.0,0.0
L0_S19,L3_S31,689,2504.570068359375,689.0,0.0,365.0,3.635079925049891,1.0,0.0
L0_S7,L0_S9,687,2.300229549407959,121.0,1.0,352.0,0.003348223507144045,0.17612809315866085,0.2840909090909091
L0_S18,L3_S31,684,2520.4801025390625,684.0,2.0,328.0,3.6849124306126644,1.0,0.6097560975609756
L0_S9,L3_S38,676,19230.6689453125,676.0,1.0,344.0,28.447735126201923,1.0,0.29069767441860467
L3_S36,L3_S32,668,0.0,0.0,51.0,356.0,0.0,0.0,14.325842696629213
L3_S40,L3_S44,654,1.2498779296875,56.0,2.0,305.0,0.0019111283328555047,0.0856269113149847,0.6557377049180327
L0_S7,L0_S5,646,0.0,0.0,1.0,319.0,0.0,0.0,0.3134796238244514
L3_S43,L3_S44,627,47.078264236450195,618.0,1.0,306.0,0.07508495093532727,0.9856459330143541,0.32679738562091504
L0_S6,L0_S10,615,1.7806179523468018,117.0,6.0,313.0,0.002895313743653336,0.1902439024390244,1.9169329073482428
L0_S6,L0_S5,613,0.0,0.0,1.0,302.0,0.0,0.0,0.33112582781456956
L0_S7,L0_S4,566,0.0,0.0,3.0,299.0,0.0,0.0,1.0033444816053512
L0_S10,L3_S30,542,1996.430419921875,542.0,2.0,274.0,3.683450959265452,1.0,0.7299270072992701
L0_S2,L0_S3,534,56.47104263305664,468.0,4.0,281.0,0.10575101616677274,0.8764044943820225,1.4234875444839856
L3_S39,L3_S44,528,10.309557914733887,525.0,2.0,263.0,0.01952567786881418,0.9943181818181818,0.7604562737642585
L0_S13,L0_S12,525,0.0,0.0,4.0,284.0,0.0,0.0,1.4084507042253522
L1_S24,L3_S39,512,17927.8701171875,512.0,0.0,246.0,35.015371322631836,1.0,0.0
L0_S18,L2_S28,502,1021.1430053710938,502.0,0.0,258.0,2.0341494130898283,1.0,0.0
L2_S26,L2_S27,501,1248.4810791015625,496.0,7.0,259.0,2.491978201799526,0.9900199600798403,2.7027027027027026
L0_S6,L0_S4,501,0.0,0.0,1.0,244.0,0.0,0.0,0.4098360655737705
L0_S9,L0_S11,493,26.358946800231934,472.0,2.0,242.0,0.05346642352988222,0.9574036511156186,0.8264462809917356
L0_S19,L2_S28,476,890.0311889648438,476.0,1.0,237.0,1.86981342219505,1.0,0.42194092827004215
L0_S2,L0_S7,465,15.94028091430664,465.0,2.0,250.0,0.034280174009261595,1.0,0.8
L2_S26,L3_S44,457,5286.72021484375,457.0,1.0,243.0,11.568315568585886,1.0,0.411522633744856
L0_S9,L0_S10,451,43.008995056152344,438.0,0.0,228.0,0.09536362540166816,0.9711751662971175,0.0
L0_S12,L0_S14,447,4.969491958618164,447.0,2.0,231.0,0.011117431674760994,1.0,0.8658008658008658
L0_S12,L0_S15,434,4.880250930786133,434.0,2.0,230.0,0.011244817812871274,1.0,0.8695652173913043
L0_S3,L0_S7,426,9.428694725036621,426.0,1.0,205.0,0.022133086209006152,1.0,0.4878048780487805
L0_S23,L3_S30,422,1215.6800537109375,422.0,1.0,205.0,2.880758421115966,1.0,0.4878048780487805
L0_S3,L0_S6,403,9.278908729553223,403.0,0.0,202.0,0.02302458741824621,1.0,0.0
L0_S18,L1_S24,400,9452.53515625,400.0,3.0,185.0,23.631337890625,1.0,1.6216216216216217
L0_S2,L0_S6,398,13.440155982971191,398.0,1.0,182.0,0.03376923613811857,1.0,0.5494505494505495
L3_S29,L3_S35,381,21.870643615722656,381.0,14.0,189.0,0.05740326408326157,1.0,7.4074074074074066
L2_S27,L3_S43,379,3672.1988525390625,379.0,2.0,185.0,9.689179030446075,1.0,1.0810810810810811
L0_S22,L3_S30,379,1021.0608215332031,379.0,5.0,198.0,2.6940918773963145,1.0,2.525252525252525
L0_S9,L0_S13,378,14818.13037109375,378.0,4.0,197.0,39.201403098131614,1.0,2.030456852791878
L0_S19,L1_S24,378,8455.23583984375,378.0,0.0,185.0,22.368348782655424,1.0,0.0
L0_S10,L0_S13,377,12936.6005859375,377.0,3.0,196.0,34.31459041362732,1.0,1.530612244897959
L0_S11,L0_S13,372,13466.341796875,372.0,2.0,204.0,36.19984353998656,1.0,0.9803921568627451
L0_S9,L3_S30,367,1323.7607421875,367.0,1.0,198.0,3.6069774991485013,1.0,0.5050505050505051
L0_S9,L1_S25,357,10533.630859375,357.0,2.0,175.0,29.505968793767508,1.0,1.1428571428571428
L2_S28,L3_S30,356,4791.6572265625,356.0,2.0,171.0,13.45971131056882,1.0,1.1695906432748537
L3_S43,L3_S47,347,2.0702168941497803,158.0,3.0,173.0,0.005966042922621845,0.4553314121037464,1.7341040462427744
L0_S5,L0_S9,336,1.5801034569740295,152.0,1.0,165.0,0.004702688860041755,0.4523809523809524,0.6060606060606061
L3_S48,L3_S45,335,0.0,0.0,2.0,156.0,0.0,0.0,1.282051282051282
L3_S37,L3_S32,332,0.0,0.0,41.0,179.0,0.0,0.0,22.905027932960895
L0_S8,L2_S26,332,895.489013671875,331.0,2.0,141.0,2.697256065276732,0.9969879518072289,1.4184397163120568
L0_S10,L1_S25,331,9440.46044921875,331.0,5.0,173.0,28.521028547488672,1.0,2.8901734104046244
L0_S21,L3_S30,331,851.6518249511719,331.0,1.0,154.0,2.5729662385231777,1.0,0.6493506493506493
L0_S5,L0_S8,329,0.240020751953125,13.0,0.0,162.0,0.0007295463585201367,0.03951367781155015,0.0
L3_S44,L3_S41,317,0.0,0.0,3.0,148.0,0.0,0.0,2.027027027027027
L0_S4,L0_S8,315,0.1799774169921875,10.0,1.0,164.0,0.0005713568793402778,0.031746031746031744,0.6097560975609756
L0_S11,L1_S25,310,9657.98974609375,310.0,1.0,140.0,31.154805632560485,1.0,0.7142857142857143
L0_S5,L0_S11,305,1.460387945175171,138.0,1.0,160.0,0.004788157197295642,0.4524590163934426,0.625
L3_S45,L3_S39,303,0.0,0.0,0.0,152.0,0.0,0.0,0.0
L2_S26,L3_S45,302,3014.369873046875,302.0,0.0,148.0,9.981357195519454,1.0,0.0
L0_S4,L0_S9,292,1.2404022216796875,100.0,0.0,147.0,0.004247952813971533,0.3424657534246575,0.0
L0_S5,L0_S10,291,1.3703632354736328,133.0,0.0,135.0,0.004709152011936882,0.4570446735395189,0.0
L0_S19,L0_S17,282,0.0,0.0,2.0,167.0,0.0,0.0,1.1976047904191618
L0_S8,L2_S27,280,559.240478515625,279.0,0.0,145.0,1.9972874232700892,0.9964285714285714,0.0
L3_S34,L3_S38,279,3388.22119140625,279.0,3.0,140.0,12.144161976366487,1.0,2.142857142857143
L0_S20,L3_S31,269,1016.02001953125,269.0,0.0,125.0,3.77702609491171,1.0,0.0
L0_S18,L0_S17,268,0.0,0.0,2.0,127.0,0.0,0.0,1.574803149606299
L0_S1,L0_S7,260,25.901118278503418,260.0,1.0,126.0,0.0996196856865516,1.0,0.7936507936507936
L0_S1,L0_S6,258,30.830339431762695,258.0,1.0,136.0,0.11949743965799495,1.0,0.7352941176470588
L2_S28,L3_S40,257,5555.618408203125,257.0,3.0,119.0,21.617192249817606,1.0,2.5210084033613445
L0_S18,L0_S16,254,0.0,0.0,2.0,129.0,0.0,0.0,1.550387596899225
L0_S19,L3_S38,250,6761.5390625,250.0,2.0,134.0,27.04615625,1.0,1.4925373134328357
L0_S18,L3_S38,248,7015.31005859375,248.0,0.0,110.0,28.287540558845766,1.0,0.0
L0_S1,L0_S5,244,48.330665588378906,244.0,3.0,135.0,0.19807649831302832,1.0,2.2222222222222223
L3_S39,L3_S48,241,4.299919128417969,241.0,0.0,119.0,0.01784198808472186,1.0,0.0
L3_S45,L3_S49,241,2.6303271055221558,241.0,2.0,122.0,0.010914220354863717,1.0,1.639344262295082
L2_S27,L3_S44,241,1917.7492065429688,241.0,1.0,115.0,7.957465587315223,1.0,0.8695652173913043
L0_S4,L0_S11,240,0.9001364707946777,81.0,0.0,127.0,0.003750568628311157,0.3375,0.0
L0_S23,L3_S31,234,821.3800659179688,234.0,0.0,126.0,3.510171221871661,1.0,0.0
L1_S24,L3_S30,226,6682.848876953125,226.0,1.0,105.0,29.57012777412887,1.0,0.9523809523809524
L0_S4,L0_S10,225,1.3805463314056396,102.0,3.0,109.0,0.006135761472913954,0.4533333333333333,2.7522935779816518
L0_S1,L0_S4,225,29.389595985412598,225.0,0.0,103.0,0.13062042660183376,1.0,0.0
L0_S19,L0_S16,221,0.0,0.0,1.0,119.0,0.0,0.0,0.8403361344537815
L3_S51,L3_S50,219,0.0,0.0,3.0,109.0,0.0,0.0,2.7522935779816518
L2_S27,L3_S38,219,4881.230712890625,219.0,1.0,110.0,22.28872471639555,1.0,0.9090909090909091
L0_S22,L3_S31,218,750.2599487304688,218.0,1.0,103.0,3.441559397846187,1.0,0.9708737864077669
L0_S20,L2_S28,217,645.9712524414062,217.0,1.0,105.0,2.9768260481170796,1.0,0.9523809523809524
L1_S24,L1_S25,216,2073.4805297851562,215.0,5.0,112.0,9.5994468971535,0.9953703703703703,4.464285714285714
L0_S22,L2_S28,214,643.4706420898438,214.0,0.0,111.0,3.0068721592983354,1.0,0.0
L0_S23,L2_S28,213,605.0203247070312,213.0,0.0,109.0,2.840471008014231,1.0,0.0
L3_S45,L3_S50,212,2.2798705101013184,212.0,0.0,99.0,0.0107541061797232,1.0,0.0
L0_S21,L3_S31,208,684.9799499511719,208.0,0.0,107.0,3.293172836303711,1.0,0.0
L0_S21,L2_S28,193,474.74024963378906,193.0,1.0,89.0,2.4597940395533113,1.0,1.1235955056179776
L0_S15,L0_S13,184,0.0,0.0,0.0,91.0,0.0,0.0,0.0
L3_S47,L3_S44,184,0.0,0.0,0.0,84.0,0.0,0.0,0.0
L0_S14,L0_S13,176,0.0,0.0,0.0,90.0,0.0,0.0,0.0
L2_S28,L3_S39,172,3779.1595458984375,172.0,0.0,85.0,21.971857824990916,1.0,0.0
L3_S32,L3_S38,172,1768.8499145507812,172.0,0.0,92.0,10.284011131109194,1.0,0.0
L0_S12,L0_S17,169,5.319759368896484,169.0,1.0,95.0,0.03147786608814488,1.0,1.0526315789473684
L0_S12,L0_S19,166,3.8680343627929688,166.0,2.0,89.0,0.023301411824054027,1.0,2.247191011235955
L0_S13,L0_S18,154,7.219474792480469,154.0,0.0,68.0,0.04687970644467837,1.0,0.0
L0_S20,L1_S24,154,3141.567626953125,154.0,0.0,80.0,20.3997897854099,1.0,0.0
L2_S26,L3_S38,152,3502.2403564453125,152.0,2.0,80.0,23.041054976613896,1.0,2.5
L1_S25,L3_S30,143,5393.330322265625,143.0,1.0,68.0,37.71559665920017,1.0,1.4705882352941175
L0_S12,L0_S18,142,3.678661346435547,142.0,2.0,69.0,0.02590606581996864,1.0,2.898550724637681
L0_S10,L0_S12,139,7402.889892578125,139.0,0.0,77.0,53.25820066602967,1.0,0.0
L3_S31,L3_S35,138,6.1499786376953125,136.0,1.0,69.0,0.04456506259199502,0.9855072463768116,1.4492753623188406
L2_S27,L3_S45,134,1318.119873046875,134.0,0.0,67.0,9.836715470499067,1.0,0.0
L0_S9,L0_S12,133,5226.110107421875,133.0,0.0,66.0,39.29406095805921,1.0,0.0
L0_S22,L1_S24,132,2355.8786010742188,132.0,0.0,57.0,17.847565159653172,1.0,0.0
L0_S11,L0_S12,132,5071.609619140625,132.0,0.0,56.0,38.421284993489586,1.0,0.0
L0_S23,L1_S24,132,2317.8890380859375,132.0,1.0,65.0,17.55976544004498,1.0,1.5384615384615385
L0_S23,L3_S38,131,3320.3990478515625,131.0,0.0,70.0,25.3465576171875,1.0,0.0
L0_S12,L0_S16,129,3.209909439086914,129.0,0.0,64.0,0.024883018907650496,1.0,0.0
L3_S40,L3_S48,126,1.29022216796875,126.0,0.0,62.0,0.01023985847594246,1.0,0.0
L3_S51,L3_S49,125,0.0,0.0,0.0,67.0,0.0,0.0,0.0
L2_S26,L3_S41,124,438.11865234375,124.0,0.0,68.0,3.5332149382560485,1.0,0.0
L0_S13,L0_S19,121,2.9196548461914062,121.0,0.0,73.0,0.024129378894143853,1.0,0.0
L0_S21,L3_S38,120,2596.5499267578125,120.0,0.0,51.0,21.637916056315103,1.0,0.0
L0_S20,L3_S38,118,3127.8695068359375,118.0,0.0,48.0,26.50736870199947,1.0,0.0
L0_S21,L1_S24,117,2343.28857421875,117.0,0.0,63.0,20.028107471955128,1.0,0.0
L0_S22,L3_S38,115,2982.31982421875,115.0,0.0,64.0,25.93321586277174,1.0,0.0
L0_S14,L0_S15,114,12.02029800415039,88.0,0.0,62.0,0.10544121056272272,0.7719298245614035,0.0
L2_S26,L3_S34,108,865.7800903320312,108.0,1.0,44.0,8.016482317889178,1.0,2.272727272727273
L0_S15,L0_S18,104,2.170074462890625,104.0,2.0,59.0,0.02086610060471755,1.0,3.389830508474576
L0_S8,L3_S40,103,233.47012329101562,103.0,1.0,46.0,2.2667002261263653,1.0,2.1739130434782608
L0_S15,L0_S19,99,2.2290267944335938,99.0,0.0,60.0,0.022515422165995898,1.0,0.0
L2_S27,L3_S34,94,993.864501953125,94.0,0.0,41.0,10.573026616522606,1.0,0.0
L0_S4,L0_S5,92,4.3804168701171875,85.0,1.0,55.0,0.04761322684909986,0.9239130434782609,1.8181818181818181
L0_S20,L0_S18,88,0.0,0.0,0.0,48.0,0.0,0.0,0.0
L3_S35,L3_S36,86,7.190410614013672,86.0,8.0,38.0,0.08360942574434502,1.0,21.052631578947366
L0_S14,L0_S18,83,2.0597915649414062,83.0,0.0,44.0,0.024816765842667544,1.0,0.0
L2_S27,L3_S41,81,320.09814453125,81.0,0.0,39.0,3.951828944830247,1.0,0.0
L0_S20,L0_S19,81,0.0,0.0,0.0,42.0,0.0,0.0,0.0
L0_S14,L0_S19,81,1.8601703643798828,81.0,1.0,45.0,0.022965066226912134,1.0,2.2222222222222223
L0_S16,L0_S17,76,5.728935241699219,76.0,0.0,40.0,0.0753807268644634,1.0,0.0
L0_S21,L0_S22,72,20.17041015625,61.0,0.0,37.0,0.2801445855034722,0.8472222222222222,0.0
L0_S11,L3_S40,70,141.76056671142578,70.0,0.0,34.0,2.0251509530203684,1.0,0.0
L0_S22,L0_S23,69,2.9995346069335938,62.0,0.0,35.0,0.043471516042515854,0.8985507246376812,0.0
L3_S31,L3_S36,59,1.4799461364746094,56.0,3.0,33.0,0.02508383282160355,0.9491525423728814,9.090909090909092
L0_S8,L3_S39,57,115.25001525878906,57.0,0.0,23.0,2.021930092259457,1.0,0.0
L3_S51,L3_S47,55,0.0,0.0,0.0,33.0,0.0,0.0,0.0
L0_S11,L0_S10,50,0.0,0.0,0.0,25.0,0.0,0.0,0.0
L2_S26,L2_S28,48,170.56915283203125,48.0,1.0,24.0,3.5535240173339844,1.0,4.166666666666666
L0_S21,L0_S23,47,1.2102928161621094,40.0,0.0,23.0,0.02575091098217254,0.851063829787234,0.0
L2_S28,L3_S43,46,1610.0194702148438,46.0,0.0,23.0,35.00042326554008,1.0,0.0
L2_S26,L3_S33,40,314.48008728027344,40.0,0.0,20.0,7.862002182006836,1.0,0.0
L0_S18,L1_S25,39,1011.5501098632812,39.0,0.0,20.0,25.9371823041867,1.0,0.0
L3_S45,L3_S43,38,0.0,0.0,1.0,17.0,0.0,0.0,5.88235294117647
L0_S17,L0_S23,38,0.219940185546875,19.0,0.0,21.0,0.005787899619654605,0.5,0.0
L0_S10,L3_S40,38,52.91035461425781,38.0,0.0,18.0,1.3923777530067845,1.0,0.0
L2_S27,L2_S28,35,33.479949951171875,35.0,1.0,21.0,0.9565699986049108,1.0,4.761904761904762
L3_S45,L3_S51,35,0.5001428127288818,35.0,0.0,15.0,0.014289794649396623,1.0,0.0
L3_S41,L3_S42,32,0.8401641845703125,21.0,0.0,12.0,0.026255130767822266,0.65625,0.0
L0_S15,L0_S20,32,0.530181884765625,32.0,0.0,15.0,0.01656818389892578,1.0,0.0
L2_S27,L3_S33,31,298.79083251953125,31.0,0.0,16.0,9.638413952242944,1.0,0.0
L0_S17,L0_S21,31,0.1899871826171875,17.0,0.0,20.0,0.006128618794102822,0.5483870967741935,0.0
L0_S19,L1_S25,31,903.7001953125,31.0,0.0,17.0,29.151619203629032,1.0,0.0
L0_S17,L0_S22,31,0.26012420654296875,20.0,0.0,14.0,0.008391103436869959,0.6451612903225806,0.0
L3_S31,L3_S37,31,0.41998291015625,30.0,0.0,12.0,0.013547835811491936,0.967741935483871,0.0
L2_S28,L3_S44,31,1029.2996826171875,31.0,0.0,17.0,33.20321556829637,1.0,0.0
L1_S25,L3_S38,30,1231.7899780273438,30.0,2.0,15.0,41.05966593424479,1.0,13.333333333333334
L3_S43,L3_S48,28,1.0000847578048706,26.0,0.0,15.0,0.03571731277874538,0.9285714285714286,0.0
L0_S8,L2_S28,25,114.55007934570312,25.0,0.0,10.0,4.582003173828125,1.0,0.0
L0_S20,L0_S16,23,0.0,0.0,0.0,12.0,0.0,0.0,0.0
L0_S20,L0_S17,23,0.0,0.0,0.0,15.0,0.0,0.0,0.0
L0_S8,L3_S43,23,43.510162353515625,23.0,0.0,11.0,1.891746189283288,1.0,0.0
L0_S10,L0_S9,22,0.0,0.0,0.0,9.0,0.0,0.0,0.0
L0_S9,L3_S40,22,36.64012145996094,22.0,0.0,9.0,1.6654600663618608,1.0,0.0
L0_S11,L0_S9,21,0.0,0.0,0.0,9.0,0.0,0.0,0.0
L1_S24,L3_S38,19,782.1097412109375,19.0,0.0,7.0,41.16367059004934,1.0,0.0
L3_S42,L3_S43,19,0.6200103759765625,18.0,0.0,8.0,0.03263212505139803,0.9473684210526315,0.0
L3_S44,L3_S49,18,0.21014404296875,18.0,0.0,10.0,0.011674669053819444,1.0,0.0
L3_S44,L3_S51,18,0.30010986328125,18.0,0.0,7.0,0.016672770182291668,1.0,0.0
L2_S26,L3_S47,18,72.76004028320312,18.0,0.0,9.0,4.042224460177952,1.0,0.0
L0_S2,L3_S29,17,60.779541015625,17.0,0.0,10.0,3.5752671185661766,1.0,0.0
L0_S3,L3_S29,17,57.089599609375,17.0,0.0,6.0,3.358211741727941,1.0,0.0
L3_S51,L3_S48,17,0.0,0.0,0.0,6.0,0.0,0.0,0.0
L0_S21,L1_S25,16,717.5899047851562,16.0,0.0,10.0,44.849369049072266,1.0,0.0
L0_S8,L3_S44,15,32.21990966796875,15.0,0.0,9.0,2.147993977864583,1.0,0.0
L0_S16,L0_S23,14,0.14002418518066406,14.0,0.0,6.0,0.010001727512904577,1.0,0.0
L0_S23,L3_S40,14,32.89994812011719,14.0,0.0,10.0,2.3499962942940846,1.0,0.0
L1_S24,L3_S48,13,81.860107421875,13.0,0.0,6.0,6.296931340144231,1.0,0.0
L2_S28,L3_S45,13,501.99993896484375,13.0,0.0,8.0,38.6153799203726,1.0,0.0
L3_S49,L3_S50,12,0.28973388671875,12.0,2.0,8.0,0.024144490559895832,1.0,25.0
L0_S23,L1_S25,12,495.7401123046875,12.0,0.0,6.0,41.311676025390625,1.0,0.0
L2_S27,L3_S47,12,119.12020874023438,12.0,0.0,8.0,9.926684061686197,1.0,0.0
L0_S1,L3_S30,12,47.57958984375,12.0,0.0,4.0,3.9649658203125,1.0,0.0
L3_S42,L3_S44,12,0.28992462158203125,12.0,0.0,4.0,0.024160385131835938,1.0,0.0
L0_S22,L1_S25,11,279.7200622558594,11.0,0.0,6.0,25.42909656871449,1.0,0.0
L0_S8,L1_S24,10,197.949951171875,10.0,0.0,5.0,19.7949951171875,1.0,0.0
L2_S28,L3_S38,10,256.39984130859375,10.0,0.0,6.0,25.639984130859375,1.0,0.0
L0_S9,L3_S41,10,16.630157470703125,10.0,0.0,4.0,1.6630157470703124,1.0,0.0
L0_S20,L1_S25,9,313.1600036621094,9.0,0.0,6.0,34.795555962456596,1.0,0.0
L0_S10,L3_S45,9,9.849761962890625,9.0,0.0,5.0,1.0944179958767362,1.0,0.0
L0_S7,L0_S6,9,0.0,0.0,0.0,4.0,0.0,0.0,0.0
L0_S21,L3_S40,9,25.680023193359375,9.0,0.0,4.0,2.853335910373264,1.0,0.0
L0_S16,L0_S21,9,0.110076904296875,9.0,0.0,5.0,0.012230767144097222,1.0,0.0
L0_S11,L3_S41,8,12.59002685546875,8.0,0.0,3.0,1.5737533569335938,1.0,0.0
L0_S4,L3_S30,8,10.8502197265625,8.0,0.0,3.0,1.3562774658203125,1.0,0.0
L0_S6,L0_S7,8,0.0800323486328125,8.0,0.0,4.0,0.010004043579101562,1.0,0.0
L0_S17,L3_S29,8,22.759979248046875,8.0,0.0,3.0,2.8449974060058594,1.0,0.0
L0_S9,L3_S44,8,9.76983642578125,8.0,0.0,6.0,1.2212295532226562,1.0,0.0
L0_S10,L3_S41,8,16.710174560546875,8.0,0.0,5.0,2.0887718200683594,1.0,0.0
L0_S22,L3_S40,8,9.61981201171875,8.0,0.0,2.0,1.2024765014648438,1.0,0.0
L1_S24,L3_S43,8,226.55996704101562,8.0,0.0,5.0,28.319995880126953,1.0,0.0
L0_S5,L3_S30,7,9.490234375,7.0,0.0,5.0,1.3557477678571428,1.0,0.0
L0_S10,L3_S43,7,11.260162353515625,7.0,0.0,3.0,1.6085946219308036,1.0,0.0
L2_S26,L3_S32,7,51.97991943359375,7.0,0.0,1.0,7.425702776227679,1.0,0.0
L2_S27,L3_S32,7,36.550048828125,6.0,0.0,5.0,5.221435546875,0.8571428571428571,0.0
L0_S9,L3_S45,7,10.73004150390625,7.0,0.0,3.0,1.5328630719866072,1.0,0.0
L0_S8,L3_S45,7,12.32989501953125,7.0,0.0,2.0,1.76141357421875,1.0,0.0
L2_S26,L3_S37,6,35.9000244140625,6.0,0.0,3.0,5.98333740234375,1.0,0.0
L2_S26,L3_S35,6,50.4300537109375,6.0,0.0,3.0,8.405008951822916,1.0,0.0
L2_S26,L3_S50,6,21.4801025390625,6.0,0.0,4.0,3.58001708984375,1.0,0.0
L0_S17,L3_S30,6,28.769927978515625,6.0,0.0,4.0,4.7949879964192705,1.0,0.0
L0_S11,L3_S43,6,8.8497314453125,6.0,0.0,4.0,1.4749552408854167,1.0,0.0
L0_S11,L3_S44,6,11.340034484863281,6.0,0.0,2.0,1.8900057474772136,1.0,0.0
L0_S18,L3_S41,5,5.39013671875,5.0,0.0,2.0,1.07802734375,1.0,0.0
L1_S25,L3_S43,5,269.52001953125,5.0,0.0,3.0,53.90400390625,1.0,0.0
L2_S27,L3_S48,5,11.5098876953125,5.0,0.0,3.0,2.3019775390625,1.0,0.0
L0_S6,L3_S29,5,6.7403564453125,5.0,0.0,1.0,1.3480712890625,1.0,0.0
L0_S16,L0_S22,5,0.050048828125,5.0,0.0,4.0,0.010009765625,1.0,0.0
L1_S24,L3_S34,5,44.0401611328125,5.0,0.0,3.0,8.8080322265625,1.0,0.0
L0_S18,L3_S30,5,20.379638671875,5.0,0.0,5.0,4.075927734375,1.0,0.0
L0_S8,L3_S38,5,75.99993896484375,5.0,0.0,3.0,15.19998779296875,1.0,0.0
L3_S40,L3_S49,4,0.040008544921875,4.0,0.0,2.0,0.01000213623046875,1.0,0.0
L0_S16,L3_S29,4,8.629936218261719,4.0,0.0,3.0,2.1574840545654297,1.0,0.0
L0_S16,L3_S30,4,15.78997802734375,4.0,0.0,2.0,3.9474945068359375,1.0,0.0
L3_S41,L3_S48,4,0.050048828125,4.0,0.0,1.0,0.01251220703125,1.0,0.0
L3_S37,L3_S33,4,0.0,0.0,0.0,2.0,0.0,0.0,0.0
L0_S14,L0_S20,4,0.06005859375,4.0,0.0,2.0,0.0150146484375,1.0,0.0
L2_S26,L3_S49,4,15.2301025390625,4.0,0.0,3.0,3.807525634765625,1.0,0.0
L2_S27,L3_S35,4,37.9500732421875,4.0,0.0,2.0,9.487518310546875,1.0,0.0
L1_S24,L3_S44,4,168.63006591796875,4.0,0.0,1.0,42.15751647949219,1.0,0.0
L0_S19,L3_S41,4,6.949951171875,4.0,1.0,2.0,1.73748779296875,1.0,50.0
L1_S25,L3_S33,3,71.8399658203125,3.0,0.0,2.0,23.9466552734375,1.0,0.0
L0_S22,L3_S45,3,2.8900146484375,3.0,0.0,1.0,0.9633382161458334,1.0,0.0
L0_S22,L3_S43,3,1.7899932861328125,3.0,0.0,1.0,0.5966644287109375,1.0,0.0
L0_S0,L0_S4,3,0.07000732421875,3.0,0.0,2.0,0.023335774739583332,1.0,0.0
L0_S7,L3_S29,3,4.020263671875,3.0,0.0,1.0,1.340087890625,1.0,0.0
L3_S39,L3_S42,3,0.030019521713256836,3.0,0.0,3.0,0.01000650723775228,1.0,0.0
L2_S27,L3_S37,3,4.5699462890625,3.0,0.0,2.0,1.5233154296875,1.0,0.0
L2_S26,L3_S36,3,18.7000732421875,3.0,0.0,2.0,6.233357747395833,1.0,0.0
L1_S24,L3_S47,3,18.4700927734375,3.0,0.0,1.0,6.156697591145833,1.0,0.0
L0_S16,L3_S40,3,5.7701416015625,3.0,0.0,1.0,1.9233805338541667,1.0,0.0
L0_S18,L3_S44,3,3.7099609375,3.0,0.0,1.0,1.2366536458333333,1.0,0.0
L0_S2,L0_S8,3,0.0897216796875,3.0,0.0,1.0,0.0299072265625,1.0,0.0
L0_S9,L3_S43,3,4.33001708984375,3.0,0.0,2.0,1.4433390299479167,1.0,0.0
L3_S43,L3_S51,3,0.0299072265625,3.0,0.0,2.0,0.009969075520833334,1.0,0.0
L0_S8,L0_S12,3,61.419921875,3.0,0.0,2.0,20.473307291666668,1.0,0.0
L0_S11,L3_S45,3,10.16009521484375,3.0,0.0,0.0,3.3866984049479165,1.0,
L3_S40,L3_S47,3,0.0400390625,3.0,0.0,2.0,0.013346354166666666,1.0,0.0
L0_S23,L3_S45,3,3.4100341796875,3.0,0.0,2.0,1.1366780598958333,1.0,0.0
L0_S10,L0_S17,2,0.02001953125,2.0,0.0,1.0,0.010009765625,1.0,0.0
L0_S1,L3_S29,2,8.14990234375,2.0,0.0,1.0,4.074951171875,1.0,0.0
L0_S22,L3_S44,2,1.3300018310546875,2.0,0.0,2.0,0.6650009155273438,1.0,0.0
L2_S27,L3_S36,2,15.1201171875,2.0,0.0,2.0,7.56005859375,1.0,0.0
L2_S26,L0_S20,2,0.0,0.0,0.0,1.0,0.0,0.0,0.0
L0_S19,L3_S45,2,2.199951171875,2.0,0.0,2.0,1.0999755859375,1.0,0.0
L0_S3,L0_S8,2,0.059814453125,2.0,0.0,1.0,0.0299072265625,1.0,0.0
L0_S23,L3_S44,2,1.36004638671875,2.0,0.0,0.0,0.680023193359375,1.0,
L0_S23,L3_S43,2,1.3800048828125,2.0,0.0,2.0,0.69000244140625,1.0,0.0
L0_S21,L3_S45,2,2.589996337890625,2.0,0.0,1.0,1.2949981689453125,1.0,0.0
L0_S21,L3_S41,2,13.77001953125,2.0,0.0,1.0,6.885009765625,1.0,0.0
L0_S0,L0_S5,2,0.0999755859375,2.0,0.0,0.0,0.04998779296875,1.0,
L3_S42,L3_S41,2,0.0,0.0,0.0,2.0,0.0,0.0,0.0
L0_S17,L3_S40,2,1.5799560546875,2.0,0.0,1.0,0.78997802734375,1.0,0.0
L0_S18,L0_S19,2,0.02001953125,2.0,0.0,0.0,0.010009765625,1.0,
L0_S21,L3_S44,2,2.509979248046875,2.0,0.0,1.0,1.2549896240234375,1.0,0.0
L0_S21,L3_S43,2,1.0599822998046875,2.0,0.0,2.0,0.5299911499023438,1.0,0.0
L3_S44,L3_S50,2,0.02001953125,2.0,0.0,1.0,0.010009765625,1.0,0.0
L0_S11,L0_S17,2,0.02001953125,2.0,0.0,1.0,0.010009765625,1.0,0.0
L1_S25,L3_S44,1,34.399993896484375,1.0,0.0,1.0,34.399993896484375,1.0,0.0
L3_S48,L3_S46,1,0.0,0.0,0.0,1.0,0.0,0.0,0.0
L0_S10,L0_S20,1,0.0,0.0,0.0,1.0,0.0,0.0,0.0
L3_S46,L3_S47,1,0.0,0.0,0.0,1.0,0.0,0.0,0.0
L1_S25,L3_S40,1,37.329986572265625,1.0,0.0,1.0,37.329986572265625,1.0,0.0
L1_S25,L3_S36,1,0.02001953125,1.0,0.0,0.0,0.02001953125,1.0,
L0_S20,L3_S41,1,0.99005126953125,1.0,0.0,1.0,0.99005126953125,1.0,0.0
L2_S26,L3_S48,1,10.989997863769531,1.0,0.0,1.0,10.989997863769531,1.0,0.0
L1_S24,L3_S31,1,36.68000030517578,1.0,0.0,0.0,36.68000030517578,1.0,
L3_S29,L3_S38,1,2.8800048828125,1.0,0.0,1.0,2.8800048828125,1.0,0.0
L0_S9,L0_S17,1,0.010009765625,1.0,0.0,0.0,0.010009765625,1.0,
L0_S16,L3_S39,1,2.3900146484375,1.0,0.0,0.0,2.3900146484375,1.0,
L0_S19,L0_S18,1,0.0,0.0,0.0,1.0,0.0,0.0,0.0
L0_S18,L3_S40,1,1.529998779296875,1.0,0.0,0.0,1.529998779296875,1.0,
L2_S27,L3_S50,1,2.8900146484375,1.0,0.0,0.0,2.8900146484375,1.0,
L0_S2,L0_S9,1,0.0299072265625,1.0,0.0,1.0,0.0299072265625,1.0,0.0
L1_S24,L3_S40,1,9.3900146484375,1.0,0.0,0.0,9.3900146484375,1.0,
L1_S24,L3_S33,1,14.1300048828125,1.0,0.0,1.0,14.1300048828125,1.0,0.0
L0_S19,L3_S30,1,4.0399169921875,1.0,0.0,1.0,4.0399169921875,1.0,0.0
L2_S28,L3_S34,1,1.9801025390625,1.0,0.0,0.0,1.9801025390625,1.0,
L0_S8,L1_S25,1,24.67999267578125,1.0,0.0,0.0,24.67999267578125,1.0,
L0_S14,L0_S21,1,0.02001953125,1.0,0.0,0.0,0.02001953125,1.0,
L3_S40,L3_S50,1,0.010009765625,1.0,0.0,0.0,0.010009765625,1.0,
L0_S4,L3_S29,1,1.3499755859375,1.0,0.0,1.0,1.3499755859375,1.0,0.0
L0_S13,L0_S20,1,0.02001953125,1.0,0.0,1.0,0.02001953125,1.0,0.0
L0_S15,L2_S26,1,0.019989013671875,1.0,0.0,0.0,0.019989013671875,1.0,
L0_S15,L0_S22,1,0.01995849609375,1.0,0.0,1.0,0.01995849609375,1.0,0.0
L0_S13,L2_S26,1,0.01999664306640625,1.0,0.0,1.0,0.01999664306640625,1.0,0.0
L3_S42,L3_S45,1,0.010009765625,1.0,0.0,1.0,0.010009765625,1.0,0.0
L0_S10,L3_S44,1,1.600006103515625,1.0,0.0,1.0,1.600006103515625,1.0,0.0
L3_S41,L3_S51,1,0.02001953125,1.0,0.0,1.0,0.02001953125,1.0,0.0
L3_S42,L3_S39,1,0.0,0.0,0.0,0.0,0.0,0.0,
L3_S41,L3_S49,1,0.02001953125,1.0,0.0,1.0,0.02001953125,1.0,0.0
L0_S11,L0_S15,1,12.5,1.0,0.0,1.0,12.5,1.0,0.0
L0_S3,L0_S10,1,0.0299072265625,1.0,0.0,0.0,0.0299072265625,1.0,
L0_S11,L0_S14,1,26.0,1.0,0.0,1.0,26.0,1.0,0.0
