feature,corr_with_response,abs_corr_with_response,missing_rate
L1_S24_F867,-0.3629694340524516,0.3629694340524516,0.9898389153673917
L1_S24_F1723,-0.3547181475177996,0.3547181475177996,0.9433529816230702
L1_S24_F1695,-0.2608239307956586,0.2608239307956586,0.9433529816230702
L1_S24_F839,-0.25231335445014674,0.25231335445014674,0.9898389153673917
L1_S24_F1632,-0.2409960364095884,0.2409960364095884,0.9438995292638062
L1_S24_F1604,-0.2181733264865166,0.2181733264865166,0.9438995292638062
L1_S24_F1758,-0.1850084524567516,0.1850084524567516,0.9433529816230702
L1_S24_F1667,-0.1671310557135012,0.1671310557135012,0.9438995292638062
L3_S32_F3850__is_missing,-0.1581833558171169,0.1581833558171169,0.0
L1_S24_F902,-0.14697118834033457,0.14697118834033457,0.9898389153673917
L1_S24_F1846,-0.13680340108182268,0.13680340108182268,0.8874582008591964
L1_S24_F1002,0.12739767632062943,0.12739767632062943,0.9901797730358077
L2_S28_F3259,-0.12370350194854512,0.12370350194854512,0.9920427364993918
L1_S24_F1298,-0.12148760402760317,0.12148760402760317,0.9883344401412796
L1_S24_F988,0.11580121153789599,0.11580121153789599,0.9901386350413437
L1_S24_F1672,0.10757741387127559,0.10757741387127559,0.9433529816230702
L2_S28_F3292,0.10505055009576988,0.10505055009576988,0.9920427364993918
L1_S24_F930,-0.10427965485480861,0.10427965485480861,0.9901386350413437
L1_S24_F816,0.09989765880609826,0.09989765880609826,0.9898389153673917
L1_S24_F1000,0.09909619101815476,0.09909619101815476,0.9901797730358077
L1_S24_F1326,-0.0979020379323746,0.0979020379323746,0.9883344401412796
L1_S24_F1581,0.09553855969656748,0.09553855969656748,0.9438995292638062
L1_S24_F1844,-0.0928082975209982,0.0928082975209982,0.8874582008591964
L1_S24_F1748,0.08648186898614646,0.08648186898614646,0.9433529816230702
L1_S24_F1498,-0.08296782273116311,0.08296782273116311,0.9768745702548792
L1_S24_F1713,0.08078898136999152,0.08078898136999152,0.9433529816230702
L1_S25_F2237,0.08036502212078395,0.08036502212078395,0.9940643750844798
L1_S24_F1207,-0.07949209497889369,0.07949209497889369,0.9884989921191356
L1_S24_F1718,0.07799602387921341,0.07799602387921341,0.9433529816230702
L1_S25_F2857,0.07482961098615062,0.07482961098615062,0.9927538361179837
L1_S24_F1004,0.07424331825991845,0.07424331825991845,0.9901797730358077
L1_S24_F1036,-0.07229442732862827,0.07229442732862827,0.9898447922237437
L1_S25_F2464,-0.07195695593710572,0.07195695593710572,0.9941584047861118
L2_S28_F3248,0.07152406225404381,0.07152406225404381,0.9920427364993918
L1_S24_F1494,-0.06854431571556978,0.06854431571556978,0.9768745702548792
L1_S24_F829,0.0680089697259861,0.0680089697259861,0.9898389153673917
L1_S24_F1609,-0.06643899651679963,0.06643899651679963,0.9438995292638062
L1_S24_F1122,0.06593727268714997,0.06593727268714997,0.9768393091167673
line_1_start_time,-0.06586509762043839,0.06586509762043839,0.7744932680610488
line_1_end_time,-0.06577229745182814,0.06577229745182814,0.7744932680610488
L1_S25_F2886,0.06443903674177694,0.06443903674177694,0.9924776238694397
L2_S28_F3237,-0.06298980202754943,0.06298980202754943,0.9920427364993918
L1_S24_F1622,0.06259624203521769,0.06259624203521769,0.9438995292638062
L1_S24_F1174,-0.0617198576479273,0.0617198576479273,0.9768451859731193
L1_S24_F814,-0.06092878124427936,0.06092878124427936,0.9800128115468474
L1_S24_F1212,-0.060746045039431214,0.060746045039431214,0.9884989921191356
L1_S24_F1814,0.060695129978154856,0.060695129978154856,0.9431237842253422
L1_S24_F691,-0.060259958202377034,0.060259958202377034,0.9799775504087354
L1_S24_F719,-0.05903078214566341,0.05903078214566341,0.9801479792429434
L2_S27_F3144,-0.058407867295810476,0.058407867295810476,0.8982246016960608
L1_S25_F2960,-0.05825999880418759,0.05825999880418759,0.9927479592616317
L2_S28_F3303,0.05805534434170452,0.05805534434170452,0.9920427364993918
L1_S24_F1627,0.057669736788170896,0.057669736788170896,0.9438995292638062
L1_S25_F2466,0.05755037573269507,0.05755037573269507,0.9941584047861118
L1_S24_F1490,-0.05679655474865347,0.05679655474865347,0.9768745702548792
L1_S24_F795,-0.05672082428357959,0.05672082428357959,0.9801479792429434
L1_S24_F1126,-0.05663348735218408,0.05663348735218408,0.9768393091167673
L1_S24_F1842,-0.05612241218051282,0.05612241218051282,0.8874582008591964
L1_S24_F679,0.05547208657010983,0.05547208657010983,0.9799775504087354
L1_S24_F1778,0.05447710745503669,0.05447710745503669,0.9443050323520942
L1_S25_F2915,0.05261366066165837,0.05261366066165837,0.9924776238694397
L1_S24_F746,-0.05260357012023516,0.05260357012023516,0.9801479792429434
L1_S24_F785,-0.05257620930262398,0.05257620930262398,0.9801479792429434
L1_S24_F780,-0.052576209302623966,0.052576209302623966,0.9801479792429434
L1_S24_F766,-0.05248940245670446,0.05248940245670446,0.9801479792429434
L1_S24_F775,-0.05248100985016383,0.05248100985016383,0.9801479792429434
L1_S24_F1474,0.05195976185174865,0.05195976185174865,0.9768745702548792
L1_S24_F1166,0.051842797382518915,0.051842797382518915,0.9768451859731193
L1_S24_F1478,0.05146629246422392,0.05146629246422392,0.9768745702548792
L1_S24_F1303,-0.05136878263534557,0.05136878263534557,0.9883344401412796
L1_S24_F1176,0.05134904380179099,0.05134904380179099,0.9768451859731193
L1_S24_F1031,0.051174666757451755,0.051174666757451755,0.9898447922237437
L1_S24_F958,-0.05105861187787491,0.05105861187787491,0.9901386350413437
L1_S24_F1700,-0.049194375258331646,0.049194375258331646,0.9433529816230702
L1_S24_F1102,-0.04668972843691467,0.04668972843691467,0.9800245652595514
L1_S25_F2990,0.0444122106537839,0.0444122106537839,0.9927479592616317
L3_S49_F4211,-0.04416828953222886,0.04416828953222886,0.9749704687968312
L1_S24_F998,0.04097458843690323,0.04097458843690323,0.9901797730358077
L1_S24_F1657,0.040364359692957846,0.040364359692957846,0.9438995292638062
line_2_end_time,-0.039396648821769686,0.039396648821769686,0.6984996385733343
line_2_start_time,-0.03939599993676772,0.03939599993676772,0.6984996385733343
L1_S24_F1846__is_missing,-0.0347482255950564,0.0347482255950564,0.0
L1_S24_F1844__is_missing,-0.0347482255950564,0.0347482255950564,0.0
L1_S24_F1842__is_missing,-0.0347482255950564,0.0347482255950564,0.0
max_waiting_time,0.0343022613831882,0.0343022613831882,0.0
waiting_time,0.034022844302438335,0.034022844302438335,0.0
cycle_time,0.03387597395113188,0.03387597395113188,0.000499532789920016
line_3_station_count,-0.03349701664200332,0.03349701664200332,0.0
station_count_phase5,-0.031677238853373,0.031677238853373,0.0
station_count,-0.031677238853373,0.031677238853373,0.0
start_time,-0.03086126715540406,0.03086126715540406,0.000499532789920016
mean_waiting_time,0.029948333814503104,0.029948333814503104,0.0
line_3_start_time,-0.029839294760215115,0.029839294760215115,0.0005112865026240163
line_3_end_time,-0.02980998483009093,0.02980998483009093,0.0005112865026240163
end_time,-0.029700668160435255,0.029700668160435255,0.000499532789920016
line_2_date_completeness_pct,0.0284831102924193,0.0284831102924193,0.0
line_2_station_count,0.02848311029241914,0.02848311029241914,0.0
line_2_observed_date_values,0.028483110292419123,0.028483110292419123,0.0
L3_S38_F3952,0.028114166178604735,0.028114166178604735,0.9773270881939833
line_2_present,0.02804963157711718,0.02804963157711718,0.0
line_1_date_completeness_pct,0.026862734995696528,0.026862734995696528,0.0
line_1_observed_date_values,0.026862734029435256,0.026862734029435256,0.0
line_switch_count,0.026515189401678213,0.026515189401678213,0.0
line_count_phase5,0.02644901160283711,0.02644901160283711,0.0
line_count,0.02644901160283711,0.02644901160283711,0.0
L3_S49_F4206,0.026430491544621,0.026430491544621,0.9749704687968312
L1_S24_F1778__is_missing,-0.02610529549518164,0.02610529549518164,0.0
L1_S24_F1700__is_missing,-0.026059423538369427,0.026059423538369427,0.0
L1_S24_F1748__is_missing,-0.026059423538369427,0.026059423538369427,0.0
L1_S24_F1718__is_missing,-0.026059423538369427,0.026059423538369427,0.0
L1_S24_F1713__is_missing,-0.026059423538369427,0.026059423538369427,0.0
L1_S24_F1695__is_missing,-0.026059423538369427,0.026059423538369427,0.0
L1_S24_F1672__is_missing,-0.026059423538369427,0.026059423538369427,0.0
L1_S24_F1758__is_missing,-0.026059423538369427,0.026059423538369427,0.0
L1_S24_F1723__is_missing,-0.026059423538369427,0.026059423538369427,0.0
line_0_present,-0.02582559030511952,0.02582559030511952,0.0
L1_S24_F963,0.02565911223034513,0.02565911223034513,0.9901386350413437
line_0_station_count,-0.025532847865571057,0.025532847865571057,0.0
line_0_date_completeness_pct,-0.025518043579760823,0.025518043579760823,0.0
line_0_observed_date_values,-0.025518043532811133,0.025518043532811133,0.0
line_0_start_time,-0.02540870007896336,0.02540870007896336,0.22634124554093524
line_0_end_time,-0.025404476488732237,0.025404476488732237,0.22634124554093524
line_1_station_count,0.025078630190729406,0.025078630190729406,0.0
line_1_present,0.02490025862589381,0.02490025862589381,0.0
L1_S24_F1581__is_missing,-0.02406636347818267,0.02406636347818267,0.0
L1_S24_F1632__is_missing,-0.02406636347818267,0.02406636347818267,0.0
L1_S24_F1604__is_missing,-0.02406636347818267,0.02406636347818267,0.0
L1_S24_F1657__is_missing,-0.02406636347818267,0.02406636347818267,0.0
L1_S24_F1627__is_missing,-0.02406636347818267,0.02406636347818267,0.0
L1_S24_F1622__is_missing,-0.02406636347818267,0.02406636347818267,0.0
L1_S24_F1667__is_missing,-0.02406636347818267,0.02406636347818267,0.0
L1_S24_F1609__is_missing,-0.02406636347818267,0.02406636347818267,0.0
station_span,-0.022739373753002466,0.022739373753002466,0.0
first_station,0.02255298717003607,0.02255298717003607,0.0
L3_S32_F3850,-0.022260182462583274,0.022260182462583274,0.9761105789291192
L1_S24_F1814__is_missing,-0.02154339606958889,0.02154339606958889,0.0
hierarchical_family,0.01939940410229958,0.01939940410229958,0.0
path_complexity_score,-0.0193369819080148,0.0193369819080148,0.0
line_3_observed_date_values,-0.016357822202962558,0.016357822202962558,0.0
line_3_date_completeness_pct,-0.01635782119270594,0.01635782119270594,0.0
path_density,0.010488687240493571,0.010488687240493571,0.0
L2_S27_F3144__is_missing,-0.010422437196133321,0.010422437196133321,0.0
dbscan_family,-0.009871776046446939,0.009871776046446939,0.0
L1_S24_F1498__is_missing,-0.007455973533207273,0.007455973533207273,0.0
L1_S24_F1490__is_missing,-0.007455973533207273,0.007455973533207273,0.0
L1_S24_F1494__is_missing,-0.007455973533207273,0.007455973533207273,0.0
L1_S24_F1474__is_missing,-0.007455973533207273,0.007455973533207273,0.0
L1_S24_F1478__is_missing,-0.007455973533207273,0.007455973533207273,0.0
L1_S24_F1174__is_missing,-0.007416805196848428,0.007416805196848428,0.0
L1_S24_F1176__is_missing,-0.007416805196848428,0.007416805196848428,0.0
