station,in_degree_centrality,out_degree_centrality,weighted_inflow,weighted_outflow,pagerank,betweenness_centrality,closeness_centrality,product_count,avg_dwell,p90_dwell,avg_waiting_time,p90_waiting_time,positive_wait_rate,failure_count,labeled_count,failure_rate_pct,failure_lift,bottleneck_score,bottleneck_rank,station_shap_importance,centrality_score,critical_node_score,critical_rank,line
L1_S24,0.19607843137254902,0.3333333333333333,5833.0,366579.0,0.0031298475948660395,0.000784313725490196,1.478393290665402,366583,0.0969886615701473,0.0629954736077014,23.25339665050965,41.0135499014125,0.994170175205116,1521.0,183727.0,0.8278587251737632,1.4754079960256803,74.37195984225733,2,0.2617656995842045,0.09137799934500747,60.08370682925705,1,L1
L3_S29,0.49019607843137253,0.17647058823529413,2237105.0,2239065.0,0.05293089334806658,0.05607843137254902,3.460701616357608,2239066,0.0,0.0,5.787474324524768,9.251115620080586,0.8784911791716025,6546.0,1119629.0,0.584657953661436,1.0419761168682946,54.27509124516112,9,0.0,0.640139138731757,52.954250590882715,2,L3
L3_S32,0.19607843137254902,0.11764705882352941,48678.0,47205.0,0.004129628178129607,0.0,2.759623019182669,48678,0.0,0.0,1.2055954538940112,1.220814736891728,0.7954049597810182,1106.0,24543.0,4.506376563582284,8.031254382946189,40.1792204022711,16,0.0680441883458411,0.12673085141988777,50.89699342415681,3,L3
L3_S30,0.4117647058823529,0.1568627450980392,2237113.0,2239366.0,0.04748831390803607,0.02588235294117647,2.7628745906212138,2239366,0.0,0.0,6.887507121069943,8.890029334204653,0.5651788439125925,6551.0,1119811.0,0.5850094346278077,1.0426025254721625,50.16078752586752,11,0.0,0.5021276708871251,47.342922368828255,4,L3
L3_S34,0.23529411764705882,0.11764705882352941,2230053.0,2207703.0,0.09398653515427093,0.001568627450980392,3.2147231677495207,2230053,0.0,0.0,2.46923272466163,2.480280063375963,0.3855074223046679,5718.0,1115118.0,0.5127708457759627,0.9138590715800106,34.1502487801032,21,0.0,0.6116783195683112,46.01799070957253,5,L3
L3_S33,0.23529411764705882,0.11764705882352941,2229189.0,2093661.0,0.06803364174060883,0.000392156862745098,3.150960544932028,2229189,0.0,0.0,4.543436879614188,4.543986028402294,0.4436523719578177,5546.0,1114695.0,0.4975352002117171,0.8867061376233346,41.44700180047805,15,0.0,0.5065822464502944,44.62732194843034,6,L3
L3_S39,0.43137254901960786,0.1568627450980392,119768.0,120019.0,0.006773295492398904,0.1192156862745098,2.9603395765328084,120019,0.0,0.0,6.171518262569686,8.511824197209396,0.8871570685690306,303.0,59908.0,0.5057755224677839,0.9013920217926142,51.84819678021051,10,0.0,0.49960201753237654,44.23614421572267,7,L3
L1_S25,0.21568627450980393,0.2549019607843137,1333.0,167220.0,0.0030265781453103525,0.0,1.3183117997508045,167220,2.2360294801213514,8.648699743605466,30.305350938465477,36.49513785740858,0.999251497005988,424.0,83658.0,0.5068254082096153,0.9032631258485464,88.33713373993885,1,0.022732500418428,0.06842006096882655,42.7627268746652,8,L1
L3_S37,0.19607843137254902,0.11764705882352941,2240647.0,1022189.0,0.10256105148749219,0.002352941176470588,3.0802237165723323,2240660,0.0,0.0,0.7738732226601726,0.7768792036927201,0.5079398987080708,6556.0,1120394.0,0.5851512949908693,1.0428553486986567,26.859927169769232,25,0.0,0.558886067779513,42.57942286975859,9,L3
L0_S13,0.11764705882352941,0.17647058823529413,484476.0,484481.0,0.008647615844209311,0.04941176470588235,1.008832388639201,484481,0.0,0.0,18.251959601515956,31.57883046454864,0.2471692538968556,1323.0,242065.0,0.5465474149505298,0.974055598744728,58.9562472409478,4,0.0,0.24108421931403254,39.598369490820026,10,L0
L3_S38,0.43137254901960786,0.0,53959.0,0.0,0.007319068518010697,0.0,2.934531640637686,54175,0.0,0.0,22.458706186883685,32.76502271599546,1.0,212.0,27142.0,0.7810772971778056,1.3920342381224244,70.63106122753706,3,0.0015426254081431002,0.1423628506648397,38.5197086476702,11,L3
L2_S26,0.27450980392156865,0.43137254901960786,454207.0,454340.0,0.00852383289798747,0.010980392156862745,2.3424686195220055,454344,0.0,0.0,5.493174627249929,9.860437938391454,0.999147985739076,1695.0,227011.0,0.7466598534872759,1.3306955458073646,55.50535772288917,7,0.0,0.1836060389352827,37.58796415542159,12,L2
L2_S27,0.2549019607843137,0.37254901960784315,239227.0,240284.0,0.0065456695601094645,0.000784313725490196,2.454168091569925,240285,0.0,0.0,6.270982695599107,12.227706439898231,0.998524402809116,822.0,120729.0,0.6808637527023333,1.2134338799536406,57.13229262497352,6,0.0233166679013273,0.13722074986997587,37.35669263695544,13,L2
L3_S35,0.17647058823529413,0.11764705882352941,1104219.0,887932.0,0.04981951880052707,0.0,2.7363772359957457,1104221,0.0,0.0,2.004602699998957,2.0956376581128664,0.5077498169116893,3177.0,552108.0,0.5754308939555305,1.025531671389941,33.84329912828791,22,0.0,0.34266443895084636,36.78091044714079,14,L3
L3_S36,0.21568627450980393,0.09803921568627451,1137894.0,540072.0,0.060689513345189953,0.0,3.0212164255572818,1137914,0.0,0.0,0.9903652679172796,0.9928060876685034,0.350988782910347,3391.0,569032.0,0.5959243065416355,1.0620549861488042,25.632308192560625,29,0.0,0.3699240136731607,35.459149582801274,15,L3
L3_S47,0.27450980392156865,0.11764705882352941,120104.0,119985.0,0.045625339112662686,0.04980392156862745,2.4638134456334098,120104,0.0,0.0,1.490805285345195,1.494206912962745,0.4897564953572977,304.0,59955.0,0.5070469518805771,0.9036579604908186,29.006042250955154,24,0.0,0.4108830291935365,34.91830197956345,16,L3
L0_S12,0.13725490196078433,0.13725490196078433,200027.0,484476.0,0.006630848561974573,0.001176470588235294,0.9336712585034191,484476,0.0,0.0,21.77672741926571,28.62656288707162,0.0020347822784531,1323.0,242061.0,0.5465564465155478,0.9740716947800044,55.493274603368825,8,0.0,0.0891241630054678,33.72007876676928,17,L0
L2_S28,0.27450980392156865,0.17647058823529413,18859.0,19153.0,0.0032921605498134185,0.0,2.1258059723585885,19153,0.0,0.0,7.884526998707792,13.435712594566668,0.9978789571100224,67.0,9583.0,0.6991547532088073,1.2460320607566475,57.21268028224495,5,0.007374758464935795,0.09443560501836219,32.139686195848846,18,L2
L0_S5,0.13725490196078433,0.13725490196078433,679592.0,679598.0,0.007604322835928155,0.06352941176470588,0.9023606282040771,679598,0.0,0.0,0.0502941760599093,0.0750314948878082,0.9981371385381336,1811.0,339512.0,0.5334126628808407,0.9506468725452588,26.164883830493263,27,0.0,0.28731848404739146,32.11465426637383,19,L0
L3_S45,0.37254901960784315,0.19607843137254902,120075.0,120075.0,0.01605288259187407,0.01607843137254902,2.500960887540148,120075,0.0,0.0,3.876139014490597,4.52208609646687,0.4476174633464318,304.0,59932.0,0.5072415404124675,0.9040047557436266,38.65413211067335,18,0.0,0.20952163559115694,31.15870325761698,20,L3
L0_S9,0.1568627450980392,0.4117647058823529,451406.0,451406.0,0.008421605761827215,0.10117647058823528,0.9974341735603596,451406,0.0,0.0,0.0041298628665215,0.0067642736467449,0.1550334101254218,1196.0,225679.0,0.5299562653148941,0.944486888418534,12.429335620270557,46,0.0,0.3895538338011834,31.06692539200939,21,L0
L3_S41,0.3333333333333333,0.19607843137254902,120024.0,120024.0,0.010788806300316126,0.020784313725490194,2.3545255993572525,120024,0.0,0.0,6.188531577683513,6.54925059491733,0.1311230050354468,304.0,59913.0,0.5074024001468797,0.9042914396078818,38.670449386191486,17,0.0,0.19848065701466888,30.80768306879993,22,L3
L0_S17,0.21568627450980393,0.17647058823529413,245950.0,245962.0,0.007179908436877443,0.06862745098039215,1.2054799543425663,245962,0.0,0.0,0.0191465417876908,0.0237621513704297,0.9976703262960656,662.0,123027.0,0.5380932640802426,0.9589886296903026,24.87161417301848,30,0.0,0.2848855268850803,30.59654350400951,23,L0
L3_S43,0.3333333333333333,0.1568627450980392,61130.0,61130.0,0.008860905718110731,0.001568627450980392,2.256939664418642,61130,0.0,0.0,9.073606372357965,10.4226367766902,0.4386390581645923,159.0,30551.0,0.520441229419659,0.9275292124100402,48.11124556767363,12,0.0,0.12711383443906427,30.51037407096016,24,L3
L0_S8,0.17647058823529413,0.3333333333333333,1348383.0,1348383.0,0.019043088849245927,0.0392156862745098,1.2418004900653268,1348383,0.0,0.0,0.0073013502786845,0.0092067101241934,0.1804985418677787,3606.0,673881.0,0.5351093145525694,0.9536706414164676,13.64612284893166,42,0.0,0.3156608239152958,30.2307110886067,25,L0
L3_S48,0.2549019607843137,0.11764705882352941,120048.0,119977.0,0.03742165796416663,0.0196078431372549,2.19760264307602,120048,0.0,0.0,1.098364298807286,1.09932131348407,0.4683820707815501,303.0,59923.0,0.5056489161090065,0.9011663842189463,26.303012161872434,26,0.0,0.2818518783211749,29.987433745275816,26,L3
L3_S40,0.39215686274509803,0.17647058823529413,119647.0,120033.0,0.008878332018999504,0.002352941176470588,2.581622941513211,120033,0.0,0.0,3.976924975923008,5.218792590146229,0.3412864964289391,304.0,59914.0,0.5073939313015321,0.9042763464503624,38.131682619351096,20,0.0,0.1474962545375376,29.01182214092575,27,L3
L0_S14,0.058823529411764705,0.17647058823529413,145899.0,241740.0,0.005216241987554354,0.0,0.8063329021990655,241740,0.0,0.0,4.342536283168201,4.342625570128318,0.6360703666338248,681.0,120625.0,0.564559585492228,1.0061568493988438,42.37582204461544,13,0.0,0.05891847660804684,28.365353619819206,28,L0
L3_S44,0.39215686274509803,0.17647058823529413,59795.0,59795.0,0.009949928393397216,0.004313725490196078,2.264664843541424,59795,0.0,0.0,6.727249923409024,7.797542141788383,0.0555098373112345,146.0,29804.0,0.4898671319286001,0.8730401232238282,38.64493584411484,19,0.0,0.13924700882698082,28.06297494025971,29,L3
L0_S20,0.23529411764705882,0.3333333333333333,484549.0,484572.0,0.018785653200152932,0.03490196078431372,1.281408986735318,484572,0.0,0.0,0.0053146158578868,0.005768888491933,0.3979762961524665,1323.0,242111.0,0.5464435734022824,0.9738705325662304,16.15987438677039,39,0.0,0.24594723420277215,27.643205221565214,30,L0
L3_S31,0.23529411764705882,0.1568627450980392,78238.0,78238.0,0.004458561841466199,0.0,2.4412710513673956,78238,0.0,0.0,4.082455121623001,5.821134026954528,0.5964966754296552,106.0,39003.0,0.2717739661051714,0.4843549636068872,41.99353275421881,14,0.0,0.11616734766682732,27.588266845626624,31,L3
L3_S50,0.17647058823529413,0.058823529411764705,60694.0,60461.0,0.0431799928982665,0.000784313725490196,1.9055191535709384,60694,0.0,0.0,0.6138981788996196,0.6142015564115143,0.5556405050874825,158.0,30359.0,0.5204387496294345,0.9275247929333656,23.52160066004889,32,0.0,0.23018602858670553,26.866046520078708,32,L3
L0_S4,0.11764705882352941,0.17647058823529413,670600.0,670603.0,0.007542356112365053,0.0,0.8822738691457602,670603,0.0,0.0,0.0356688869981805,0.0495777882802564,0.9983939747962168,1800.0,335295.0,0.5368406925244934,0.9567562994233736,25.893027891723225,28,0.0,0.09911432610646972,25.97201647632622,33,L0
L3_S49,0.1568627450980392,0.0784313725490196,59569.0,59311.0,0.03286600571327185,0.0,1.9086564246371658,59569,0.0,0.0,0.5168899785720797,0.5169769770362902,0.4420978678522665,153.0,29673.0,0.5156202608431908,0.9189372928348531,20.935760747546052,33,0.007214056959499999,0.19168268681027256,25.40277260844731,34,L3
L0_S15,0.0784313725490196,0.17647058823529413,140069.0,242734.0,0.0051281971695691635,0.0,0.8111179781772736,242734,0.0,0.0,1.594790651731692,1.6297751327998529,0.6041813907013772,640.0,121445.0,0.5269875252171765,0.9391960063572556,31.93410471239092,23,0.0,0.0588829326681686,25.246800246621437,35,L0
L3_S51,0.1568627450980392,0.0784313725490196,119927.0,416.0,0.05265332650406883,0.0,1.9827070466488532,119927,0.0,0.0,0.0092449875727385,0.0092451310601678,0.1570941638355316,302.0,59853.0,0.5045695286785958,0.8992427023186279,11.501586756313577,48,0.0,0.2605112803487278,25.10476275153726,36,L3
L0_S1,0.0196078431372549,0.1568627450980392,1346767.0,1348431.0,0.0055548563879729935,0.0196078431372549,0.276729768744373,1348431,0.0,0.0,0.0014616142108206,0.0,0.07576956081329,3606.0,673904.0,0.5350910515444336,0.953638093123606,11.96785420282124,47,0.0,0.16884942762088329,25.023393578830998,37,L0
L0_S2,0.0392156862745098,0.1568627450980392,679161.0,679166.0,0.005381062610969935,0.028235294117647056,0.3568228442956502,679166,0.0,0.0,0.0081726543251023,0.0096169100793529,0.3642711876429219,1817.0,339774.0,0.5347672276277762,0.9530609748528038,15.917890366076842,41,0.0,0.15220938699586728,24.86491153735762,38,L0
L0_S7,0.11764705882352941,0.1568627450980392,671357.0,671360.0,0.009401896903271782,0.008235294117647058,0.8457629864019842,671360,0.0,0.0,0.0296526050277782,0.0554907365817333,0.4906272021079939,1805.0,335698.0,0.5376856579425555,0.9582621949297744,18.290463429189305,34,0.0,0.12829751004754636,24.766094630821645,39,L0
L0_S6,0.11764705882352941,0.1568627450980392,678630.0,678635.0,0.009471509333828539,0.004705882352941176,0.8465857826568365,678635,0.0,0.0,0.0312911372115604,0.0575751456257422,0.4761594952777191,1805.0,338988.0,0.5324672259785007,0.9489619169809416,18.09467358853385,35,0.0,0.11870336233214815,24.389873660159935,40,L0
L0_S18,0.21568627450980393,0.39215686274509803,242305.0,242318.0,0.011707875804843757,0.03803921568627451,1.1912021997996218,242318,0.0,0.0,0.0122666898958068,0.0144954505391572,0.0791405839031572,654.0,121081.0,0.540134290268498,0.9626261420661224,10.975167768287942,50,0.0,0.21013839358366593,24.24734443866294,41,L0
L0_S16,0.13725490196078433,0.21568627450980393,238707.0,238719.0,0.007056911600650313,0.0,1.1984158758249828,238719,0.0,0.0,0.0134626398117983,0.0160022737785926,0.9979010391943977,661.0,119139.0,0.5548141246778973,0.9887885106072216,24.79717654305641,31,0.0,0.08218151461682908,24.083545014624104,42,L0
L0_S19,0.21568627450980393,0.37254901960784315,242242.0,242253.0,0.011601541646593078,0.029411764705882353,1.1922559639104724,242253,0.0,0.0,0.0099061937980359,0.0123646404193861,0.0809889142252915,669.0,121027.0,0.552769216786337,0.9851440802683242,11.000304979313212,49,0.0,0.1844769400766404,23.483074888340127,43,L0
L0_S11,0.13725490196078433,0.45098039215686275,451117.0,451117.0,0.008423684523024392,0.01568627450980392,1.042081284605637,451117,0.0,0.0,0.0283051049516547,0.0697549643853018,0.1925709594889371,1193.0,225452.0,0.5291592001845182,0.9430663606993108,13.615399927670206,43,0.0,0.14049011757664337,23.370051048818468,44,L0
L0_S3,0.058823529411764705,0.13725490196078433,670397.0,670401.0,0.005352204096766539,0.0,0.4654555534194959,670401,0.0,0.0,0.0396943819519814,0.0799807854070385,0.4019380854412962,1792.0,334708.0,0.5353920432137863,0.9541745198135668,17.194463999837424,36,0.0,0.07333464327679522,22.672529510128903,45,L0
L0_S0,0.0,0.09803921568627451,0.0,1348366.0,0.0030042591808584125,0.0,0.0,1348366,0.0,0.0,0.0,0.0,0.0,3608.0,673862.0,0.5354211989992017,0.9542264811900966,10.823526595955911,51,0.0,0.09031792927105262,22.169572908025064,46,L0
L0_S10,0.1568627450980392,0.43137254901960786,449427.0,449427.0,0.008399900703394525,0.001176470588235294,1.0064211729551225,449427,0.0,0.0,0.0172029829139922,0.0382406666051525,0.1837181485458154,1223.0,224540.0,0.5446691012737152,0.970708072248302,13.211304041996236,44,0.0014045311196333,0.0961489725582388,21.998503857427863,47,L0
L0_S21,0.11764705882352941,0.39215686274509803,162998.0,163004.0,0.008533654251257707,0.00392156862745098,1.0797482635936144,163004,0.0,0.0,0.0102052288128317,0.009632737296306,0.4368345321930661,461.0,81409.0,0.5662764559201071,1.0092166520927168,16.063551303970787,40,0.0,0.08867113838505725,21.461087749415626,48,L0
L0_S22,0.13725490196078433,0.35294117647058826,161039.0,161043.0,0.008460348685519432,0.0,1.079509342194156,161043,0.0,0.0,0.0477958463398453,0.0495959801800486,0.4504187403138923,428.0,80601.0,0.5310107815039515,0.94636624484731,16.704095528535554,37,0.0,0.07675855890584954,21.08882807557611,49,L0
L0_S23,0.13725490196078433,0.3333333333333333,160910.0,160915.0,0.008453795385300457,0.0,1.0794962645960953,160915,0.0,0.0,0.015926349254647,0.0177690068306454,0.4626365126600031,434.0,80290.0,0.5405405405405406,0.963350160405886,16.481425336429627,38,0.0,0.07672637955774059,21.06621194661725,50,L0
L3_S42,0.0392156862745098,0.09803921568627451,35.0,35.0,0.00300684807142624,0.0,1.3047919231989251,35,0.0,0.0,0.0228392402331034,0.0232060106781621,0.6916666666666667,0.0,15.0,0.0,0.0,12.765319321794172,45,0.0,0.05656610159382778,7.9143797189286325,51,L3
L3_S46,0.0196078431372549,0.0196078431372549,1.0,1.0,0.0030045242772002967,0.0,0.45391985498391046,1,0.0,0.0,0.0,0.0,0.0,0.0,1.0,0.0,0.0,0.0,52,0.0,0.019675615776020446,0.0,52,L3
