split_ratio,rows,train_rows,validation_rows,numeric_present_rate,numeric_candidates,numeric_features,categorical_columns,one_hot_levels,final_feature_count,model,mcc,pr_auc,precision,recall,runtime_seconds,status,error
80/20,1183747,946997,236750,0.0025,908,80,20,50,283,LightGBM,0.2101981065567245,0.1270760359707516,0.2151714077315827,0.2143895348837209,99.57781990000512,completed,
90/10,1183747,1065372,118375,0.02,631,80,20,50,283,LightGBM,0.2092059712386419,0.127634631418026,0.2153392330383481,0.2122093023255813,80.06932550005149,completed,
90/10,1183747,1065372,118375,0.0025,908,80,20,50,283,LightGBM,0.2075726087113963,0.1270526577256738,0.2135493372606774,0.2107558139534883,99.63478359999137,completed,
90/10,1183747,1065372,118375,0.001,968,80,20,50,283,LightGBM,0.2066157064668108,0.1254841638574301,0.2116788321167883,0.2107558139534883,68.9545828999253,completed,
80/20,1183747,946997,236750,0.005,837,80,20,50,283,LightGBM,0.2062606411169522,0.1259216669729102,0.2123893805309734,0.2093023255813953,80.42615429998841,completed,
80/20,1183747,946997,236750,0.01,756,80,20,50,283,LightGBM,0.2060412149498661,0.1241784552982622,0.2112573099415204,0.2100290697674418,140.2334581000032,completed,
80/20,1183747,946997,236750,0.001,968,80,20,50,283,LightGBM,0.2058042063100423,0.1251353666577227,0.2107950401167031,0.2100290697674418,202.9536403999664,completed,
75/25,1183747,887810,295937,0.001,968,80,20,50,283,LightGBM,0.2049734760085981,0.1217121380877658,0.2127022168963451,0.2063953488372093,52.2135064000031,completed,
80/20,1183747,946997,236750,0.02,631,80,20,50,283,LightGBM,0.204941679624515,0.120115319078157,0.2091172214182344,0.2100290697674418,146.87463189999107,completed,
90/10,1183747,1065372,118375,0.01,741,80,20,50,283,LightGBM,0.2041558746552263,0.1279152211174002,0.2096774193548387,0.2078488372093023,78.73828449996654,completed,
75/25,1183747,887810,295937,0.005,837,80,20,50,283,LightGBM,0.2029661552877133,0.1215748931209764,0.211608222490931,0.2034883720930232,68.06494940002449,completed,
90/10,1183747,1065372,118375,0.02,631,80,20,50,283,XGBoost,0.202291933807845,0.1160625709251664,0.2060518731988472,0.2078488372093023,91.32320230000188,completed,
75/25,1183747,887810,295937,0.0025,908,80,20,50,283,LightGBM,0.2017359550864406,0.1245093420517038,0.2080378250591016,0.2046511627906976,51.24442509992514,completed,
80/20,1183747,946997,236750,0.02,631,80,20,50,283,XGBoost,0.2006010140693574,0.1095385460152926,0.2055393586005831,0.2049418604651162,159.98830869991798,completed,
75/25,1183747,887810,295937,0.01,741,80,20,50,283,LightGBM,0.2002787735282744,0.1183769733857069,0.2068761114404267,0.202906976744186,67.01223689992912,completed,
80/20,1183747,946997,236750,0.01,756,80,20,50,283,XGBoost,0.1997312317188614,0.1099619340238118,0.2011251758087201,0.2078488372093023,153.56596679997165,completed,
90/10,1183747,1065372,118375,0.005,837,80,20,50,283,LightGBM,0.1996837186690877,0.1252789146924448,0.203757225433526,0.2049418604651162,77.37161480006762,completed,
80/20,1183747,946997,236750,0.005,837,80,20,50,283,XGBoost,0.1996837186690877,0.1132108128233969,0.203757225433526,0.2049418604651162,107.57345430005807,completed,
75/25,1183747,887810,295937,0.02,642,80,20,50,283,LightGBM,0.1990669765053044,0.1137557588842568,0.2061978545887962,0.2011627906976744,63.33250889996998,completed,
75/25,1183747,887810,295937,0.02,642,80,20,50,283,XGBoost,0.1989737701211277,0.106160165275733,0.2054470100651273,0.2017441860465116,74.94783269998152,completed,
80/20,1183747,946997,236750,0.0025,908,80,20,50,283,XGBoost,0.1975145523355954,0.1160781776085803,0.1995753715498938,0.2049418604651162,194.9225725999568,completed,
80/20,1183747,946997,236750,0.001,968,80,20,50,283,XGBoost,0.1972349889073382,0.1157063529203855,0.1997157071783937,0.2042151162790697,154.07344990002457,completed,
90/10,1183747,1065372,118375,0.01,741,80,20,50,283,XGBoost,0.197126900996629,0.1170303339228249,0.1974965229485396,0.2063953488372093,145.68003690009937,completed,
90/10,1183747,1065372,118375,0.001,968,80,20,50,283,XGBoost,0.1958525915321007,0.1208385258379045,0.1977401129943503,0.2034883720930232,99.02220010000748,completed,
75/25,1183747,887810,295937,0.005,837,80,20,50,283,XGBoost,0.1957880449815533,0.1076645131124945,0.2003484320557491,0.2005813953488372,73.0675104999682,completed,
75/25,1183747,887810,295937,0.001,968,80,20,50,283,XGBoost,0.195683187197088,0.109311968091601,0.2007001166861143,0.2,65.38996399997268,completed,
90/10,1183747,1065372,118375,0.005,837,80,20,50,283,XGBoost,0.1947015792910167,0.1107235488917517,0.1968838526912181,0.2020348837209302,105.96424549992662,completed,
75/25,1183747,887810,295937,0.0025,908,80,20,50,283,XGBoost,0.1946787332840728,0.108232754199507,0.199302730970366,0.1994186046511628,62.17570729996078,completed,
75/25,1183747,887810,295937,0.01,741,80,20,50,283,XGBoost,0.194354828271174,0.1034415835608754,0.196489241223103,0.2017441860465116,81.32265399990138,completed,
90/10,1183747,1065372,118375,0.0025,908,80,20,50,283,XGBoost,0.1916653616016536,0.1165108593566784,0.1951219512195122,0.1976744186046511,121.9410642000148,completed,
80/20,1183747,946997,236750,0.01,756,80,20,50,283,CatBoost,0.186048096287995,0.0725816672501646,0.1904417089065894,0.1911337209302325,143.31133920000866,completed,
80/20,1183747,946997,236750,0.005,837,80,20,50,283,CatBoost,0.184306624437127,0.0739458908283123,0.1884476534296029,0.1896802325581395,138.87952449999284,completed,
80/20,1183747,946997,236750,0.02,631,80,20,50,283,CatBoost,0.1830517766929017,0.0713525000768537,0.1860299358517462,0.1896802325581395,221.93077980005185,completed,
90/10,1183747,1065372,118375,0.01,741,80,20,50,283,CatBoost,0.1828111734746816,0.0771132444244,0.1862464183381088,0.188953488372093,145.0162779999664,completed,
90/10,1183747,1065372,118375,0.02,631,80,20,50,283,CatBoost,0.1826727062670526,0.0790043002870517,0.1859799713876967,0.188953488372093,123.2243282001,completed,
90/10,1183747,1065372,118375,0.005,837,80,20,50,283,CatBoost,0.18232986113672,0.0760875778553485,0.1866859623733719,0.1875,159.17461430002004,completed,
80/20,1183747,946997,236750,0.001,968,80,20,50,283,CatBoost,0.1821903737169647,0.0742068000124992,0.1864161849710982,0.1875,232.90813800005708,completed,
90/10,1183747,1065372,118375,0.0025,908,80,20,50,283,CatBoost,0.1818479840643506,0.0755447691743955,0.1843971631205673,0.188953488372093,153.9256021999754,completed,
75/25,1183747,887810,295937,0.01,741,80,20,50,283,CatBoost,0.1785291971864434,0.0703181246306055,0.1834595224228305,0.1831395348837209,103.01667819998691,completed,
75/25,1183747,887810,295937,0.02,642,80,20,50,283,CatBoost,0.1779084327496721,0.0711694140674638,0.1833626244874048,0.1819767441860465,115.34140150004532,completed,
75/25,1183747,887810,295937,0.005,837,80,20,50,283,CatBoost,0.1768273417509497,0.0678652839327087,0.1834916864608076,0.1796511627906976,107.9695945000276,completed,
80/20,1183747,946997,236750,0.0025,908,80,20,50,283,CatBoost,0.1746262066969644,0.070949349634345,0.1773049645390071,0.1816860465116279,131.45014850003645,completed,
90/10,1183747,1065372,118375,0.001,968,80,20,50,283,CatBoost,0.173051504350582,0.0738058932853429,0.1756373937677053,0.1802325581395348,127.3003056999296,completed,
75/25,1183747,887810,295937,0.0025,908,80,20,50,283,CatBoost,0.1715649153434139,0.0686735988041092,0.1754890678941311,0.1773255813953488,94.34650859993415,completed,
75/25,1183747,887810,295937,0.001,968,80,20,50,283,CatBoost,0.1695922349988313,0.0664456222425295,0.1744186046511628,0.1744186046511628,82.78810099989641,completed,
75/25,1183747,887810,295937,0.001,968,80,20,50,283,Logistic Regression,0.17812136206313856,0.06997421574400697,0.1848989298454221,0.1808139534883721,84.93761919997633,completed,
75/25,1183747,887810,295937,0.001,968,80,20,50,283,Random Forest,0.19753679239503266,0.09379097673438931,0.20604229607250754,0.19825581395348837,104.82455969997682,completed,
75/25,1183747,887810,295937,0.0025,908,80,20,50,283,Logistic Regression,0.17697338446105199,0.07288843286079905,0.18321513002364065,0.18023255813953487,88.98512359999586,completed,
75/25,1183747,887810,295937,0.0025,908,80,20,50,283,Random Forest,0.19471909648385619,0.09308427867804121,0.20276774969915765,0.19593023255813954,111.63729420001619,completed,
75/25,1183747,887810,295937,0.005,837,80,20,50,283,Logistic Regression,0.18328705816022284,0.07807721926913246,0.18938053097345134,0.1866279069767442,82.48671540000942,completed,
75/25,1183747,887810,295937,0.005,837,80,20,50,283,Random Forest,0.19392029939356886,0.09455423878106413,0.20291616038882138,0.1941860465116279,110.44401410000864,completed,
75/25,1183747,887810,295937,0.01,741,80,20,50,283,Logistic Regression,0.18746252931545918,0.07445882385726174,0.19474313022700118,0.18953488372093022,79.77449199999683,completed,
75/25,1183747,887810,295937,0.01,741,80,20,50,283,Random Forest,0.193871306092566,0.09323412434682951,0.20457354758961682,0.19244186046511627,124.73637649999,completed,
75/25,1183747,887810,295937,0.02,642,80,20,50,283,Logistic Regression,0.18170754997118263,0.0706594759325328,0.1891083183722322,0.18372093023255814,84.02792140003294,completed,
75/25,1183747,887810,295937,0.02,642,80,20,50,283,Random Forest,0.19540119498813216,0.09484209482739686,0.20411871592973954,0.19593023255813954,118.46216730005108,completed,
80/20,1183747,946997,236750,0.001,968,80,20,50,283,Logistic Regression,0.18487206997280756,0.07177260047752346,0.1895424836601307,0.18968023255813954,92.5412176999962,completed,
80/20,1183747,946997,236750,0.001,968,80,20,50,283,Random Forest,0.19858919849365092,0.09753871124468223,0.20441176470588235,0.20203488372093023,116.86720760003664,completed,
80/20,1183747,946997,236750,0.0025,908,80,20,50,283,Logistic Regression,0.18553159021698212,0.076217823659265,0.19013062409288825,0.19040697674418605,99.46598209999502,completed,
80/20,1183747,946997,236750,0.0025,908,80,20,50,283,Random Forest,0.19596466821945133,0.09977053148955886,0.2,0.20130813953488372,119.29703809996136,completed,
80/20,1183747,946997,236750,0.005,837,80,20,50,283,Logistic Regression,0.18991269430044042,0.080158234958959,0.19517543859649122,0.19404069767441862,86.36150890006684,completed,
80/20,1183747,946997,236750,0.005,837,80,20,50,283,Random Forest,0.1990122746962894,0.09536101845321805,0.20594795539033459,0.20130813953488372,118.52864259993657,completed,
80/20,1183747,946997,236750,0.01,756,80,20,50,283,Logistic Regression,0.19233460532378036,0.08146892329346653,0.1978021978021978,0.19622093023255813,110.68742450000718,completed,
80/20,1183747,946997,236750,0.01,756,80,20,50,283,Random Forest,0.19968338888203127,0.09562853525581498,0.2079879427279578,0.2005813953488372,145.97484419995453,completed,
80/20,1183747,946997,236750,0.02,631,80,20,50,283,Logistic Regression,0.18506712970970565,0.0784837780217118,0.1906158357771261,0.18895348837209303,187.42603710002732,completed,
80/20,1183747,946997,236750,0.02,631,80,20,50,283,Random Forest,0.20302646381824108,0.09930392310496636,0.21029082774049218,0.20494186046511628,296.9927381000016,completed,
90/10,1183747,1065372,118375,0.001,968,80,20,50,283,Logistic Regression,0.18059444994132276,0.06795878648349543,0.1847041847041847,0.18604651162790697,129.64849629998207,completed,
90/10,1183747,1065372,118375,0.001,968,80,20,50,283,Random Forest,0.20055929245710988,0.10045703221966239,0.20972644376899696,0.2005813953488372,212.19818609999493,completed,
90/10,1183747,1065372,118375,0.0025,908,80,20,50,283,Logistic Regression,0.18289079640210743,0.07543352137156124,0.18777292576419213,0.1875,126.64164169994183,completed,
90/10,1183747,1065372,118375,0.0025,908,80,20,50,283,Random Forest,0.2034731157169041,0.09816780528772855,0.20974889217134415,0.2063953488372093,179.5358816999942,completed,
90/10,1183747,1065372,118375,0.005,837,80,20,50,283,Logistic Regression,0.17982614161213198,0.07851834835027298,0.18459302325581395,0.18459302325581395,126.52407439996023,completed,
90/10,1183747,1065372,118375,0.005,837,80,20,50,283,Random Forest,0.1991315520274465,0.09889191365190296,0.20689655172413793,0.2005813953488372,161.8567853999557,completed,
90/10,1183747,1065372,118375,0.01,741,80,20,50,283,Logistic Regression,0.19108845824374412,0.08024993626447012,0.19676945668135096,0.19476744186046513,128.33456799993291,completed,
90/10,1183747,1065372,118375,0.01,741,80,20,50,283,Random Forest,0.19982976749526526,0.1024266084736345,0.20684523809523808,0.20203488372093023,285.79892729991116,completed,
90/10,1183747,1065372,118375,0.02,631,80,20,50,283,Logistic Regression,0.19093704619302626,0.07837543727744278,0.19508670520231214,0.19622093023255813,139.88276820001192,completed,
90/10,1183747,1065372,118375,0.02,631,80,20,50,283,Random Forest,0.20886273113673556,0.10087716113645868,0.2175226586102719,0.20930232558139536,159.22828090004623,completed,
